# Blender 5.0.0
# www.blender.org
mtllib NewCar.mtl
o Car_Cube
v -0.942557 0.399997 0.885192
v -0.742557 0.399997 0.885192
v -0.942557 0.321961 0.892878
v -0.742557 0.321961 0.892878
v -0.942557 0.246923 0.915640
v -0.742557 0.246923 0.915640
v -0.942557 0.177769 0.952604
v -0.742557 0.177769 0.952604
v -0.942557 0.117154 1.002349
v -0.742557 0.117154 1.002349
v -0.942557 0.067409 1.062963
v -0.742557 0.067409 1.062963
v -0.942557 0.030445 1.132118
v -0.742557 0.030445 1.132118
v -0.942557 0.007683 1.207155
v -0.742557 0.007683 1.207155
v -0.942557 -0.000003 1.285192
v -0.742557 -0.000003 1.285192
v -0.942557 0.007683 1.363228
v -0.742557 0.007683 1.363228
v -0.942557 0.030445 1.438265
v -0.742557 0.030445 1.438265
v -0.942557 0.067409 1.507420
v -0.742557 0.067409 1.507420
v -0.942557 0.117154 1.568034
v -0.742557 0.117154 1.568034
v -0.942557 0.177769 1.617779
v -0.742557 0.177769 1.617779
v -0.942557 0.246923 1.654743
v -0.742557 0.246923 1.654743
v -0.942557 0.321961 1.677506
v -0.742557 0.321961 1.677506
v -0.942557 0.399997 1.685192
v -0.742557 0.399997 1.685192
v -0.942557 0.478033 1.677506
v -0.742557 0.478033 1.677506
v -0.942557 0.553070 1.654743
v -0.742557 0.553070 1.654743
v -0.942557 0.622225 1.617779
v -0.742557 0.622225 1.617779
v -0.942557 0.682840 1.568034
v -0.742557 0.682840 1.568034
v -0.942557 0.732585 1.507420
v -0.742557 0.732585 1.507420
v -0.942557 0.769549 1.438265
v -0.742557 0.769549 1.438265
v -0.942557 0.792311 1.363227
v -0.742557 0.792311 1.363227
v -0.942557 0.799997 1.285191
v -0.742557 0.799997 1.285191
v -0.942557 0.792311 1.207155
v -0.742557 0.792311 1.207155
v -0.942557 0.769548 1.132118
v -0.742557 0.769548 1.132118
v -0.942557 0.732584 1.062963
v -0.742557 0.732584 1.062963
v -0.942557 0.682839 1.002349
v -0.742557 0.682839 1.002349
v -0.942557 0.622224 0.952604
v -0.742557 0.622224 0.952604
v -0.942557 0.553070 0.915640
v -0.742557 0.553070 0.915640
v -0.942557 0.478032 0.892877
v -0.742557 0.478032 0.892877
v -0.985057 0.399997 0.905192
v -0.985057 0.325862 0.912493
v -0.700057 0.325862 0.912493
v -0.700057 0.399997 0.905192
v -0.985057 0.254577 0.934117
v -0.700057 0.254577 0.934117
v -0.985057 0.188880 0.969233
v -0.700057 0.188880 0.969233
v -0.985057 0.131296 1.016491
v -0.700057 0.131296 1.016491
v -0.985057 0.084038 1.074075
v -0.700057 0.084038 1.074075
v -0.985057 0.048923 1.139772
v -0.700057 0.048923 1.139772
v -0.985057 0.027298 1.211057
v -0.700057 0.027298 1.211057
v -0.985057 0.019997 1.285192
v -0.700057 0.019997 1.285192
v -0.985057 0.027298 1.359326
v -0.700057 0.027298 1.359326
v -0.985057 0.048923 1.430611
v -0.700057 0.048923 1.430611
v -0.985057 0.084038 1.496308
v -0.700057 0.084038 1.496308
v -0.985057 0.131296 1.553892
v -0.700057 0.131296 1.553892
v -0.985057 0.188880 1.601150
v -0.700057 0.188880 1.601150
v -0.985057 0.254577 1.636266
v -0.700057 0.254577 1.636266
v -0.985057 0.325863 1.657890
v -0.700057 0.325862 1.657890
v -0.985057 0.399997 1.665192
v -0.700057 0.399997 1.665192
v -0.985057 0.474131 1.657890
v -0.700057 0.474131 1.657890
v -0.985057 0.545417 1.636266
v -0.700057 0.545417 1.636266
v -0.985057 0.611114 1.601150
v -0.700057 0.611114 1.601150
v -0.985057 0.668697 1.553892
v -0.700057 0.668697 1.553892
v -0.985057 0.715955 1.496308
v -0.700057 0.715955 1.496308
v -0.985057 0.751071 1.430611
v -0.700057 0.751071 1.430611
v -0.985057 0.772695 1.359326
v -0.700057 0.772695 1.359326
v -0.985057 0.779997 1.285191
v -0.700057 0.779997 1.285191
v -0.985057 0.772695 1.211057
v -0.700057 0.772695 1.211057
v -0.985057 0.751071 1.139771
v -0.700057 0.751071 1.139771
v -0.985057 0.715955 1.074075
v -0.700057 0.715955 1.074075
v -0.985057 0.668697 1.016491
v -0.700057 0.668697 1.016491
v -0.985057 0.611113 0.969233
v -0.700057 0.611113 0.969233
v -0.985057 0.545416 0.934117
v -0.700057 0.545416 0.934117
v -0.985057 0.474131 0.912493
v -0.700057 0.474130 0.912493
v -0.985057 0.399997 1.000192
v -0.985057 0.344396 1.005668
v -0.985057 0.290932 1.021886
v -0.985057 0.241659 1.048223
v -0.985057 0.198471 1.083666
v -0.985057 0.163028 1.126854
v -0.985057 0.136691 1.176127
v -0.985057 0.120473 1.229591
v -0.985057 0.114997 1.285192
v -0.985057 0.120473 1.340792
v -0.985057 0.136691 1.394256
v -0.985057 0.163028 1.443529
v -0.985057 0.198471 1.486717
v -0.985057 0.241659 1.522161
v -0.985057 0.290932 1.548497
v -0.985057 0.344396 1.564715
v -0.985057 0.399997 1.570192
v -0.985057 0.455598 1.564715
v -0.985057 0.509062 1.548497
v -0.985057 0.558334 1.522161
v -0.985057 0.601522 1.486717
v -0.985057 0.636966 1.443529
v -0.985057 0.663303 1.394256
v -0.985057 0.679521 1.340792
v -0.985057 0.684997 1.285191
v -0.985057 0.679520 1.229591
v -0.985057 0.663302 1.176126
v -0.985057 0.636965 1.126854
v -0.985057 0.601522 1.083666
v -0.985057 0.558334 1.048223
v -0.985057 0.509061 1.021886
v -0.985057 0.455597 1.005668
v -0.700057 0.344396 1.005668
v -0.700057 0.399997 1.000192
v -0.700057 0.290932 1.021886
v -0.700057 0.241659 1.048223
v -0.700057 0.198471 1.083666
v -0.700057 0.163028 1.126854
v -0.700057 0.136691 1.176127
v -0.700057 0.120473 1.229591
v -0.700057 0.114997 1.285192
v -0.700057 0.120473 1.340792
v -0.700057 0.136691 1.394256
v -0.700057 0.163028 1.443529
v -0.700057 0.198471 1.486717
v -0.700057 0.241659 1.522161
v -0.700057 0.290932 1.548497
v -0.700057 0.344396 1.564715
v -0.700057 0.399997 1.570192
v -0.700057 0.455598 1.564715
v -0.700057 0.509062 1.548497
v -0.700057 0.558334 1.522161
v -0.700057 0.601522 1.486717
v -0.700057 0.636966 1.443529
v -0.700057 0.663302 1.394256
v -0.700057 0.679520 1.340792
v -0.700057 0.684997 1.285191
v -0.700057 0.679520 1.229591
v -0.700057 0.663302 1.176126
v -0.700057 0.636965 1.126854
v -0.700057 0.601522 1.083666
v -0.700057 0.558334 1.048223
v -0.700057 0.509061 1.021886
v -0.700057 0.455597 1.005668
v -0.970807 0.399997 1.028692
v -0.970807 0.349956 1.033620
v -0.970807 0.301838 1.048217
v -0.970807 0.257493 1.071920
v -0.970807 0.218624 1.103819
v -0.970807 0.186725 1.142688
v -0.970807 0.163022 1.187033
v -0.970807 0.148425 1.235151
v -0.970807 0.143497 1.285192
v -0.970807 0.148425 1.335232
v -0.970807 0.163022 1.383350
v -0.970807 0.186725 1.427695
v -0.970807 0.218624 1.466564
v -0.970807 0.257493 1.498464
v -0.970807 0.301839 1.522167
v -0.970807 0.349956 1.536763
v -0.970807 0.399997 1.541692
v -0.970807 0.450038 1.536763
v -0.970807 0.498155 1.522167
v -0.970807 0.542501 1.498464
v -0.970807 0.581370 1.466564
v -0.970807 0.613269 1.427695
v -0.970807 0.636972 1.383350
v -0.970807 0.651568 1.335232
v -0.970807 0.656497 1.285191
v -0.970807 0.651568 1.235151
v -0.970807 0.636972 1.187033
v -0.970807 0.613268 1.142688
v -0.970807 0.581369 1.103818
v -0.970807 0.542500 1.071919
v -0.970807 0.498155 1.048216
v -0.970807 0.450037 1.033620
v -0.714307 0.349956 1.033620
v -0.714307 0.399997 1.028692
v -0.714307 0.301838 1.048217
v -0.714307 0.257493 1.071920
v -0.714307 0.218624 1.103819
v -0.714307 0.186725 1.142688
v -0.714307 0.163022 1.187033
v -0.714307 0.148425 1.235151
v -0.714307 0.143497 1.285192
v -0.714307 0.148425 1.335232
v -0.714307 0.163022 1.383350
v -0.714307 0.186725 1.427695
v -0.714307 0.218624 1.466564
v -0.714307 0.257493 1.498464
v -0.714307 0.301838 1.522167
v -0.714307 0.349956 1.536763
v -0.714307 0.399997 1.541692
v -0.714307 0.450038 1.536763
v -0.714307 0.498155 1.522167
v -0.714307 0.542501 1.498464
v -0.714307 0.581370 1.466564
v -0.714307 0.613269 1.427695
v -0.714307 0.636972 1.383350
v -0.714307 0.651568 1.335232
v -0.714307 0.656497 1.285191
v -0.714307 0.651568 1.235151
v -0.714307 0.636972 1.187033
v -0.714307 0.613268 1.142688
v -0.714307 0.581369 1.103818
v -0.714307 0.542500 1.071919
v -0.714307 0.498155 1.048216
v -0.714307 0.450037 1.033620
v -0.970807 0.399997 1.028692
v -0.970807 0.349956 1.033620
v -0.970807 0.301839 1.048217
v -0.970807 0.257493 1.071920
v -0.970807 0.218624 1.103819
v -0.970807 0.186725 1.142688
v -0.970807 0.163022 1.187033
v -0.970807 0.148425 1.235151
v -0.970807 0.143497 1.285192
v -0.970807 0.148425 1.335232
v -0.970807 0.163022 1.383350
v -0.970807 0.186725 1.427695
v -0.970807 0.218624 1.466564
v -0.970807 0.257493 1.498464
v -0.970807 0.301839 1.522167
v -0.970807 0.349956 1.536763
v -0.970807 0.399997 1.541692
v -0.970807 0.450037 1.536763
v -0.970807 0.498155 1.522167
v -0.970807 0.542501 1.498464
v -0.970807 0.581370 1.466564
v -0.970807 0.613269 1.427695
v -0.970807 0.636972 1.383350
v -0.970807 0.651568 1.335232
v -0.970807 0.656497 1.285191
v -0.970807 0.651568 1.235151
v -0.970807 0.636972 1.187033
v -0.970807 0.613268 1.142688
v -0.970807 0.581369 1.103818
v -0.970807 0.542500 1.071919
v -0.970807 0.498155 1.048216
v -0.970807 0.450037 1.033620
v -0.714307 0.349956 1.033620
v -0.714307 0.399997 1.028692
v -0.714307 0.301838 1.048217
v -0.714307 0.257493 1.071920
v -0.714307 0.218624 1.103819
v -0.714307 0.186725 1.142688
v -0.714307 0.163022 1.187033
v -0.714307 0.148425 1.235151
v -0.714307 0.143497 1.285192
v -0.714307 0.148425 1.335232
v -0.714307 0.163022 1.383350
v -0.714307 0.186725 1.427695
v -0.714307 0.218624 1.466564
v -0.714307 0.257493 1.498464
v -0.714307 0.301838 1.522167
v -0.714307 0.349956 1.536763
v -0.714307 0.399997 1.541692
v -0.714307 0.450037 1.536763
v -0.714307 0.498155 1.522167
v -0.714307 0.542501 1.498464
v -0.714307 0.581370 1.466564
v -0.714307 0.613269 1.427695
v -0.714307 0.636972 1.383350
v -0.714307 0.651568 1.335232
v -0.714307 0.656497 1.285191
v -0.714307 0.651568 1.235151
v -0.714307 0.636972 1.187033
v -0.714307 0.613268 1.142688
v -0.714307 0.581369 1.103818
v -0.714307 0.542500 1.071919
v -0.714307 0.498155 1.048216
v -0.714307 0.450037 1.033620
v -0.942557 0.399997 -1.674808
v -0.742557 0.399997 -1.674808
v -0.942557 0.321961 -1.667122
v -0.742557 0.321961 -1.667122
v -0.942557 0.246923 -1.644360
v -0.742557 0.246923 -1.644360
v -0.942557 0.177769 -1.607396
v -0.742557 0.177769 -1.607396
v -0.942557 0.117154 -1.557651
v -0.742557 0.117154 -1.557651
v -0.942557 0.067409 -1.497036
v -0.742557 0.067409 -1.497036
v -0.942557 0.030445 -1.427882
v -0.742557 0.030445 -1.427882
v -0.942557 0.007683 -1.352844
v -0.742557 0.007683 -1.352844
v -0.942557 -0.000003 -1.274808
v -0.742557 -0.000003 -1.274808
v -0.942557 0.007683 -1.196772
v -0.742557 0.007683 -1.196772
v -0.942557 0.030445 -1.121735
v -0.742557 0.030445 -1.121735
v -0.942557 0.067409 -1.052580
v -0.742557 0.067409 -1.052580
v -0.942557 0.117154 -0.991966
v -0.742557 0.117154 -0.991966
v -0.942557 0.177769 -0.942220
v -0.742557 0.177769 -0.942220
v -0.942557 0.246923 -0.905256
v -0.742557 0.246923 -0.905256
v -0.942557 0.321961 -0.882494
v -0.742557 0.321961 -0.882494
v -0.942557 0.399997 -0.874808
v -0.742557 0.399997 -0.874808
v -0.942557 0.478033 -0.882494
v -0.742557 0.478033 -0.882494
v -0.942557 0.553070 -0.905257
v -0.742557 0.553070 -0.905257
v -0.942557 0.622225 -0.942221
v -0.742557 0.622225 -0.942221
v -0.942557 0.682840 -0.991966
v -0.742557 0.682840 -0.991966
v -0.942557 0.732585 -1.052580
v -0.742557 0.732585 -1.052580
v -0.942557 0.769549 -1.121735
v -0.742557 0.769549 -1.121735
v -0.942557 0.792311 -1.196773
v -0.742557 0.792311 -1.196773
v -0.942557 0.799997 -1.274809
v -0.742557 0.799997 -1.274809
v -0.942557 0.792311 -1.352845
v -0.742557 0.792311 -1.352845
v -0.942557 0.769548 -1.427882
v -0.742557 0.769548 -1.427882
v -0.942557 0.732584 -1.497037
v -0.742557 0.732584 -1.497037
v -0.942557 0.682839 -1.557651
v -0.742557 0.682839 -1.557651
v -0.942557 0.622224 -1.607396
v -0.742557 0.622224 -1.607396
v -0.942557 0.553070 -1.644360
v -0.742557 0.553070 -1.644360
v -0.942557 0.478032 -1.667122
v -0.742557 0.478032 -1.667122
v -0.985057 0.399997 -1.654808
v -0.985057 0.325862 -1.647507
v -0.700057 0.325862 -1.647507
v -0.700057 0.399997 -1.654808
v -0.985057 0.254577 -1.625882
v -0.700057 0.254577 -1.625882
v -0.985057 0.188880 -1.590767
v -0.700057 0.188880 -1.590767
v -0.985057 0.131296 -1.543509
v -0.700057 0.131296 -1.543509
v -0.985057 0.084038 -1.485925
v -0.700057 0.084038 -1.485925
v -0.985057 0.048923 -1.420228
v -0.700057 0.048923 -1.420228
v -0.985057 0.027298 -1.348943
v -0.700057 0.027298 -1.348943
v -0.985057 0.019997 -1.274808
v -0.700057 0.019997 -1.274808
v -0.985057 0.027298 -1.200674
v -0.700057 0.027298 -1.200674
v -0.985057 0.048923 -1.129389
v -0.700057 0.048923 -1.129389
v -0.985057 0.084038 -1.063692
v -0.700057 0.084038 -1.063692
v -0.985057 0.131296 -1.006108
v -0.700057 0.131296 -1.006108
v -0.985057 0.188880 -0.958850
v -0.700057 0.188880 -0.958850
v -0.985057 0.254577 -0.923734
v -0.700057 0.254577 -0.923734
v -0.985057 0.325863 -0.902110
v -0.700057 0.325862 -0.902110
v -0.985057 0.399997 -0.894808
v -0.700057 0.399997 -0.894808
v -0.985057 0.474131 -0.902110
v -0.700057 0.474131 -0.902110
v -0.985057 0.545417 -0.923734
v -0.700057 0.545417 -0.923734
v -0.985057 0.611114 -0.958850
v -0.700057 0.611114 -0.958850
v -0.985057 0.668697 -1.006108
v -0.700057 0.668697 -1.006108
v -0.985057 0.715955 -1.063692
v -0.700057 0.715955 -1.063692
v -0.985057 0.751071 -1.129389
v -0.700057 0.751071 -1.129389
v -0.985057 0.772695 -1.200674
v -0.700057 0.772695 -1.200674
v -0.985057 0.779997 -1.274809
v -0.700057 0.779997 -1.274809
v -0.985057 0.772695 -1.348943
v -0.700057 0.772695 -1.348943
v -0.985057 0.751071 -1.420228
v -0.700057 0.751071 -1.420228
v -0.985057 0.715955 -1.485925
v -0.700057 0.715955 -1.485925
v -0.985057 0.668697 -1.543509
v -0.700057 0.668697 -1.543509
v -0.985057 0.611113 -1.590767
v -0.700057 0.611113 -1.590767
v -0.985057 0.545416 -1.625883
v -0.700057 0.545416 -1.625883
v -0.985057 0.474131 -1.647507
v -0.700057 0.474130 -1.647507
v -0.985057 0.399997 -1.559808
v -0.985057 0.344396 -1.554332
v -0.985057 0.290932 -1.538114
v -0.985057 0.241659 -1.511777
v -0.985057 0.198471 -1.476334
v -0.985057 0.163028 -1.433146
v -0.985057 0.136691 -1.383873
v -0.985057 0.120473 -1.330409
v -0.985057 0.114997 -1.274808
v -0.985057 0.120473 -1.219208
v -0.985057 0.136691 -1.165744
v -0.985057 0.163028 -1.116471
v -0.985057 0.198471 -1.073283
v -0.985057 0.241659 -1.037839
v -0.985057 0.290932 -1.011503
v -0.985057 0.344396 -0.995284
v -0.985057 0.399997 -0.989808
v -0.985057 0.455598 -0.995285
v -0.985057 0.509062 -1.011503
v -0.985057 0.558334 -1.037839
v -0.985057 0.601522 -1.073283
v -0.985057 0.636966 -1.116471
v -0.985057 0.663303 -1.165744
v -0.985057 0.679521 -1.219208
v -0.985057 0.684997 -1.274809
v -0.985057 0.679520 -1.330409
v -0.985057 0.663302 -1.383873
v -0.985057 0.636965 -1.433146
v -0.985057 0.601522 -1.476334
v -0.985057 0.558334 -1.511777
v -0.985057 0.509061 -1.538114
v -0.985057 0.455597 -1.554332
v -0.700057 0.344396 -1.554332
v -0.700057 0.399997 -1.559808
v -0.700057 0.290932 -1.538114
v -0.700057 0.241659 -1.511777
v -0.700057 0.198471 -1.476334
v -0.700057 0.163028 -1.433146
v -0.700057 0.136691 -1.383873
v -0.700057 0.120473 -1.330409
v -0.700057 0.114997 -1.274808
v -0.700057 0.120473 -1.219208
v -0.700057 0.136691 -1.165744
v -0.700057 0.163028 -1.116471
v -0.700057 0.198471 -1.073283
v -0.700057 0.241659 -1.037839
v -0.700057 0.290932 -1.011503
v -0.700057 0.344396 -0.995284
v -0.700057 0.399997 -0.989808
v -0.700057 0.455598 -0.995285
v -0.700057 0.509062 -1.011503
v -0.700057 0.558334 -1.037839
v -0.700057 0.601522 -1.073283
v -0.700057 0.636966 -1.116471
v -0.700057 0.663302 -1.165744
v -0.700057 0.679520 -1.219208
v -0.700057 0.684997 -1.274809
v -0.700057 0.679520 -1.330409
v -0.700057 0.663302 -1.383873
v -0.700057 0.636965 -1.433146
v -0.700057 0.601522 -1.476334
v -0.700057 0.558334 -1.511777
v -0.700057 0.509061 -1.538114
v -0.700057 0.455597 -1.554332
v -0.970807 0.399997 -1.531308
v -0.970807 0.349956 -1.526380
v -0.970807 0.301838 -1.511783
v -0.970807 0.257493 -1.488080
v -0.970807 0.218624 -1.456181
v -0.970807 0.186725 -1.417312
v -0.970807 0.163022 -1.372967
v -0.970807 0.148425 -1.324849
v -0.970807 0.143497 -1.274808
v -0.970807 0.148425 -1.224768
v -0.970807 0.163022 -1.176650
v -0.970807 0.186725 -1.132305
v -0.970807 0.218624 -1.093436
v -0.970807 0.257493 -1.061536
v -0.970807 0.301839 -1.037833
v -0.970807 0.349956 -1.023237
v -0.970807 0.399997 -1.018308
v -0.970807 0.450038 -1.023237
v -0.970807 0.498155 -1.037833
v -0.970807 0.542501 -1.061536
v -0.970807 0.581370 -1.093436
v -0.970807 0.613269 -1.132305
v -0.970807 0.636972 -1.176650
v -0.970807 0.651568 -1.224768
v -0.970807 0.656497 -1.274809
v -0.970807 0.651568 -1.324849
v -0.970807 0.636972 -1.372967
v -0.970807 0.613268 -1.417312
v -0.970807 0.581369 -1.456182
v -0.970807 0.542500 -1.488081
v -0.970807 0.498155 -1.511784
v -0.970807 0.450037 -1.526380
v -0.714307 0.349956 -1.526380
v -0.714307 0.399997 -1.531308
v -0.714307 0.301838 -1.511783
v -0.714307 0.257493 -1.488080
v -0.714307 0.218624 -1.456181
v -0.714307 0.186725 -1.417312
v -0.714307 0.163022 -1.372967
v -0.714307 0.148425 -1.324849
v -0.714307 0.143497 -1.274808
v -0.714307 0.148425 -1.224768
v -0.714307 0.163022 -1.176650
v -0.714307 0.186725 -1.132305
v -0.714307 0.218624 -1.093436
v -0.714307 0.257493 -1.061536
v -0.714307 0.301838 -1.037833
v -0.714307 0.349956 -1.023237
v -0.714307 0.399997 -1.018308
v -0.714307 0.450038 -1.023237
v -0.714307 0.498155 -1.037833
v -0.714307 0.542501 -1.061536
v -0.714307 0.581370 -1.093436
v -0.714307 0.613269 -1.132305
v -0.714307 0.636972 -1.176650
v -0.714307 0.651568 -1.224768
v -0.714307 0.656497 -1.274809
v -0.714307 0.651568 -1.324849
v -0.714307 0.636972 -1.372967
v -0.714307 0.613268 -1.417312
v -0.714307 0.581369 -1.456182
v -0.714307 0.542500 -1.488081
v -0.714307 0.498155 -1.511784
v -0.714307 0.450037 -1.526380
v -0.970807 0.399997 -1.531308
v -0.970807 0.349956 -1.526380
v -0.970807 0.301839 -1.511783
v -0.970807 0.257493 -1.488080
v -0.970807 0.218624 -1.456181
v -0.970807 0.186725 -1.417312
v -0.970807 0.163022 -1.372967
v -0.970807 0.148425 -1.324849
v -0.970807 0.143497 -1.274808
v -0.970807 0.148425 -1.224768
v -0.970807 0.163022 -1.176650
v -0.970807 0.186725 -1.132305
v -0.970807 0.218624 -1.093436
v -0.970807 0.257493 -1.061536
v -0.970807 0.301839 -1.037833
v -0.970807 0.349956 -1.023237
v -0.970807 0.399997 -1.018308
v -0.970807 0.450037 -1.023237
v -0.970807 0.498155 -1.037833
v -0.970807 0.542501 -1.061536
v -0.970807 0.581370 -1.093436
v -0.970807 0.613269 -1.132305
v -0.970807 0.636972 -1.176650
v -0.970807 0.651568 -1.224768
v -0.970807 0.656497 -1.274809
v -0.970807 0.651568 -1.324849
v -0.970807 0.636972 -1.372967
v -0.970807 0.613268 -1.417312
v -0.970807 0.581369 -1.456182
v -0.970807 0.542500 -1.488081
v -0.970807 0.498155 -1.511784
v -0.970807 0.450037 -1.526380
v -0.714307 0.349956 -1.526380
v -0.714307 0.399997 -1.531308
v -0.714307 0.301838 -1.511783
v -0.714307 0.257493 -1.488080
v -0.714307 0.218624 -1.456181
v -0.714307 0.186725 -1.417312
v -0.714307 0.163022 -1.372967
v -0.714307 0.148425 -1.324849
v -0.714307 0.143497 -1.274808
v -0.714307 0.148425 -1.224768
v -0.714307 0.163022 -1.176650
v -0.714307 0.186725 -1.132305
v -0.714307 0.218624 -1.093436
v -0.714307 0.257493 -1.061536
v -0.714307 0.301838 -1.037833
v -0.714307 0.349956 -1.023237
v -0.714307 0.399997 -1.018308
v -0.714307 0.450037 -1.023237
v -0.714307 0.498155 -1.037833
v -0.714307 0.542501 -1.061536
v -0.714307 0.581370 -1.093436
v -0.714307 0.613269 -1.132305
v -0.714307 0.636972 -1.176650
v -0.714307 0.651568 -1.224768
v -0.714307 0.656497 -1.274809
v -0.714307 0.651568 -1.324849
v -0.714307 0.636972 -1.372967
v -0.714307 0.613268 -1.417312
v -0.714307 0.581369 -1.456182
v -0.714307 0.542500 -1.488081
v -0.714307 0.498155 -1.511784
v -0.714307 0.450037 -1.526380
v 0.757443 0.399997 -1.674808
v 0.957443 0.399997 -1.674808
v 0.757443 0.321961 -1.667122
v 0.957443 0.321961 -1.667122
v 0.757443 0.246923 -1.644360
v 0.957443 0.246923 -1.644360
v 0.757443 0.177769 -1.607396
v 0.957443 0.177769 -1.607396
v 0.757443 0.117154 -1.557651
v 0.957443 0.117154 -1.557651
v 0.757443 0.067409 -1.497036
v 0.957443 0.067409 -1.497036
v 0.757443 0.030445 -1.427882
v 0.957443 0.030445 -1.427882
v 0.757443 0.007683 -1.352844
v 0.957443 0.007683 -1.352844
v 0.757443 -0.000003 -1.274808
v 0.957443 -0.000003 -1.274808
v 0.757443 0.007683 -1.196772
v 0.957443 0.007683 -1.196772
v 0.757443 0.030445 -1.121735
v 0.957443 0.030445 -1.121735
v 0.757443 0.067409 -1.052580
v 0.957443 0.067409 -1.052580
v 0.757443 0.117154 -0.991966
v 0.957443 0.117154 -0.991966
v 0.757443 0.177769 -0.942220
v 0.957443 0.177769 -0.942220
v 0.757443 0.246923 -0.905256
v 0.957443 0.246923 -0.905256
v 0.757443 0.321961 -0.882494
v 0.957443 0.321961 -0.882494
v 0.757443 0.399997 -0.874808
v 0.957443 0.399997 -0.874808
v 0.757443 0.478033 -0.882494
v 0.957443 0.478033 -0.882494
v 0.757443 0.553070 -0.905257
v 0.957443 0.553070 -0.905257
v 0.757443 0.622225 -0.942221
v 0.957443 0.622225 -0.942221
v 0.757443 0.682840 -0.991966
v 0.957443 0.682840 -0.991966
v 0.757443 0.732585 -1.052580
v 0.957443 0.732585 -1.052580
v 0.757443 0.769549 -1.121735
v 0.957443 0.769549 -1.121735
v 0.757443 0.792311 -1.196773
v 0.957443 0.792311 -1.196773
v 0.757443 0.799997 -1.274809
v 0.957443 0.799997 -1.274809
v 0.757443 0.792311 -1.352845
v 0.957443 0.792311 -1.352845
v 0.757443 0.769548 -1.427882
v 0.957443 0.769548 -1.427882
v 0.757443 0.732584 -1.497037
v 0.957443 0.732584 -1.497037
v 0.757443 0.682839 -1.557651
v 0.957443 0.682839 -1.557651
v 0.757443 0.622224 -1.607396
v 0.957443 0.622224 -1.607396
v 0.757443 0.553070 -1.644360
v 0.957443 0.553070 -1.644360
v 0.757443 0.478032 -1.667122
v 0.957443 0.478032 -1.667122
v 0.714943 0.399997 -1.654808
v 0.714943 0.325862 -1.647507
v 0.999943 0.325862 -1.647507
v 0.999943 0.399997 -1.654808
v 0.714943 0.254577 -1.625882
v 0.999943 0.254577 -1.625882
v 0.714943 0.188880 -1.590767
v 0.999943 0.188880 -1.590767
v 0.714943 0.131296 -1.543509
v 0.999943 0.131296 -1.543509
v 0.714943 0.084038 -1.485925
v 0.999943 0.084038 -1.485925
v 0.714943 0.048923 -1.420228
v 0.999943 0.048923 -1.420228
v 0.714943 0.027298 -1.348943
v 0.999943 0.027298 -1.348943
v 0.714943 0.019997 -1.274808
v 0.999943 0.019997 -1.274808
v 0.714943 0.027298 -1.200674
v 0.999943 0.027298 -1.200674
v 0.714943 0.048923 -1.129389
v 0.999943 0.048923 -1.129389
v 0.714943 0.084038 -1.063692
v 0.999943 0.084038 -1.063692
v 0.714943 0.131296 -1.006108
v 0.999943 0.131296 -1.006108
v 0.714943 0.188880 -0.958850
v 0.999943 0.188880 -0.958850
v 0.714943 0.254577 -0.923734
v 0.999943 0.254577 -0.923734
v 0.714943 0.325863 -0.902110
v 0.999943 0.325862 -0.902110
v 0.714943 0.399997 -0.894808
v 0.999943 0.399997 -0.894808
v 0.714943 0.474131 -0.902110
v 0.999943 0.474131 -0.902110
v 0.714943 0.545417 -0.923734
v 0.999943 0.545417 -0.923734
v 0.714943 0.611114 -0.958850
v 0.999943 0.611114 -0.958850
v 0.714943 0.668697 -1.006108
v 0.999943 0.668697 -1.006108
v 0.714943 0.715955 -1.063692
v 0.999943 0.715955 -1.063692
v 0.714943 0.751071 -1.129389
v 0.999943 0.751071 -1.129389
v 0.714943 0.772695 -1.200674
v 0.999943 0.772695 -1.200674
v 0.714943 0.779997 -1.274809
v 0.999943 0.779997 -1.274809
v 0.714943 0.772695 -1.348943
v 0.999943 0.772695 -1.348943
v 0.714943 0.751071 -1.420228
v 0.999943 0.751071 -1.420228
v 0.714943 0.715955 -1.485925
v 0.999943 0.715955 -1.485925
v 0.714943 0.668697 -1.543509
v 0.999943 0.668697 -1.543509
v 0.714943 0.611113 -1.590767
v 0.999943 0.611113 -1.590767
v 0.714943 0.545416 -1.625883
v 0.999943 0.545416 -1.625883
v 0.714943 0.474131 -1.647507
v 0.999943 0.474130 -1.647507
v 0.714943 0.399997 -1.559808
v 0.714943 0.344396 -1.554332
v 0.714943 0.290932 -1.538114
v 0.714943 0.241659 -1.511777
v 0.714943 0.198471 -1.476334
v 0.714943 0.163028 -1.433146
v 0.714943 0.136691 -1.383873
v 0.714943 0.120473 -1.330409
v 0.714943 0.114997 -1.274808
v 0.714943 0.120473 -1.219208
v 0.714943 0.136691 -1.165744
v 0.714943 0.163028 -1.116471
v 0.714943 0.198471 -1.073283
v 0.714943 0.241659 -1.037839
v 0.714943 0.290932 -1.011503
v 0.714943 0.344396 -0.995284
v 0.714943 0.399997 -0.989808
v 0.714943 0.455598 -0.995285
v 0.714943 0.509062 -1.011503
v 0.714943 0.558334 -1.037839
v 0.714943 0.601522 -1.073283
v 0.714943 0.636966 -1.116471
v 0.714943 0.663303 -1.165744
v 0.714943 0.679521 -1.219208
v 0.714943 0.684997 -1.274809
v 0.714943 0.679520 -1.330409
v 0.714943 0.663302 -1.383873
v 0.714943 0.636965 -1.433146
v 0.714943 0.601522 -1.476334
v 0.714943 0.558334 -1.511777
v 0.714943 0.509061 -1.538114
v 0.714943 0.455597 -1.554332
v 0.999943 0.344396 -1.554332
v 0.999943 0.399997 -1.559808
v 0.999943 0.290932 -1.538114
v 0.999943 0.241659 -1.511777
v 0.999943 0.198471 -1.476334
v 0.999943 0.163028 -1.433146
v 0.999943 0.136691 -1.383873
v 0.999943 0.120473 -1.330409
v 0.999943 0.114997 -1.274808
v 0.999943 0.120473 -1.219208
v 0.999943 0.136691 -1.165744
v 0.999943 0.163028 -1.116471
v 0.999943 0.198471 -1.073283
v 0.999943 0.241659 -1.037839
v 0.999943 0.290932 -1.011503
v 0.999943 0.344396 -0.995284
v 0.999943 0.399997 -0.989808
v 0.999943 0.455598 -0.995285
v 0.999943 0.509062 -1.011503
v 0.999943 0.558334 -1.037839
v 0.999943 0.601522 -1.073283
v 0.999943 0.636966 -1.116471
v 0.999943 0.663302 -1.165744
v 0.999943 0.679520 -1.219208
v 0.999943 0.684997 -1.274809
v 0.999943 0.679520 -1.330409
v 0.999943 0.663302 -1.383873
v 0.999943 0.636965 -1.433146
v 0.999943 0.601522 -1.476334
v 0.999943 0.558334 -1.511777
v 0.999943 0.509061 -1.538114
v 0.999943 0.455597 -1.554332
v 0.729193 0.399997 -1.531308
v 0.729193 0.349956 -1.526380
v 0.729193 0.301838 -1.511783
v 0.729193 0.257493 -1.488080
v 0.729193 0.218624 -1.456181
v 0.729193 0.186725 -1.417312
v 0.729193 0.163022 -1.372967
v 0.729193 0.148425 -1.324849
v 0.729193 0.143497 -1.274808
v 0.729193 0.148425 -1.224768
v 0.729193 0.163022 -1.176650
v 0.729193 0.186725 -1.132305
v 0.729193 0.218624 -1.093436
v 0.729193 0.257493 -1.061536
v 0.729193 0.301839 -1.037833
v 0.729193 0.349956 -1.023237
v 0.729193 0.399997 -1.018308
v 0.729193 0.450038 -1.023237
v 0.729193 0.498155 -1.037833
v 0.729193 0.542501 -1.061536
v 0.729193 0.581370 -1.093436
v 0.729193 0.613269 -1.132305
v 0.729193 0.636972 -1.176650
v 0.729193 0.651568 -1.224768
v 0.729193 0.656497 -1.274809
v 0.729193 0.651568 -1.324849
v 0.729193 0.636972 -1.372967
v 0.729193 0.613268 -1.417312
v 0.729193 0.581369 -1.456182
v 0.729193 0.542500 -1.488081
v 0.729193 0.498155 -1.511784
v 0.729193 0.450037 -1.526380
v 0.985693 0.349956 -1.526380
v 0.985693 0.399997 -1.531308
v 0.985693 0.301838 -1.511783
v 0.985693 0.257493 -1.488080
v 0.985693 0.218624 -1.456181
v 0.985693 0.186725 -1.417312
v 0.985693 0.163022 -1.372967
v 0.985693 0.148425 -1.324849
v 0.985693 0.143497 -1.274808
v 0.985693 0.148425 -1.224768
v 0.985693 0.163022 -1.176650
v 0.985693 0.186725 -1.132305
v 0.985693 0.218624 -1.093436
v 0.985693 0.257493 -1.061536
v 0.985693 0.301838 -1.037833
v 0.985693 0.349956 -1.023237
v 0.985693 0.399997 -1.018308
v 0.985693 0.450038 -1.023237
v 0.985693 0.498155 -1.037833
v 0.985693 0.542501 -1.061536
v 0.985693 0.581370 -1.093436
v 0.985693 0.613269 -1.132305
v 0.985693 0.636972 -1.176650
v 0.985693 0.651568 -1.224768
v 0.985693 0.656497 -1.274809
v 0.985693 0.651568 -1.324849
v 0.985693 0.636972 -1.372967
v 0.985693 0.613268 -1.417312
v 0.985693 0.581369 -1.456182
v 0.985693 0.542500 -1.488081
v 0.985693 0.498155 -1.511784
v 0.985693 0.450037 -1.526380
v 0.729193 0.399997 -1.531308
v 0.729193 0.349956 -1.526380
v 0.729193 0.301839 -1.511783
v 0.729193 0.257493 -1.488080
v 0.729193 0.218624 -1.456181
v 0.729193 0.186725 -1.417312
v 0.729193 0.163022 -1.372967
v 0.729193 0.148425 -1.324849
v 0.729193 0.143497 -1.274808
v 0.729193 0.148425 -1.224768
v 0.729193 0.163022 -1.176650
v 0.729193 0.186725 -1.132305
v 0.729193 0.218624 -1.093436
v 0.729193 0.257493 -1.061536
v 0.729193 0.301839 -1.037833
v 0.729193 0.349956 -1.023237
v 0.729193 0.399997 -1.018308
v 0.729193 0.450037 -1.023237
v 0.729193 0.498155 -1.037833
v 0.729193 0.542501 -1.061536
v 0.729193 0.581370 -1.093436
v 0.729193 0.613269 -1.132305
v 0.729193 0.636972 -1.176650
v 0.729193 0.651568 -1.224768
v 0.729193 0.656497 -1.274809
v 0.729193 0.651568 -1.324849
v 0.729193 0.636972 -1.372967
v 0.729193 0.613268 -1.417312
v 0.729193 0.581369 -1.456182
v 0.729193 0.542500 -1.488081
v 0.729193 0.498155 -1.511784
v 0.729193 0.450037 -1.526380
v 0.985693 0.349956 -1.526380
v 0.985693 0.399997 -1.531308
v 0.985693 0.301838 -1.511783
v 0.985693 0.257493 -1.488080
v 0.985693 0.218624 -1.456181
v 0.985693 0.186725 -1.417312
v 0.985693 0.163022 -1.372967
v 0.985693 0.148425 -1.324849
v 0.985693 0.143497 -1.274808
v 0.985693 0.148425 -1.224768
v 0.985693 0.163022 -1.176650
v 0.985693 0.186725 -1.132305
v 0.985693 0.218624 -1.093436
v 0.985693 0.257493 -1.061536
v 0.985693 0.301838 -1.037833
v 0.985693 0.349956 -1.023237
v 0.985693 0.399997 -1.018308
v 0.985693 0.450037 -1.023237
v 0.985693 0.498155 -1.037833
v 0.985693 0.542501 -1.061536
v 0.985693 0.581370 -1.093436
v 0.985693 0.613269 -1.132305
v 0.985693 0.636972 -1.176650
v 0.985693 0.651568 -1.224768
v 0.985693 0.656497 -1.274809
v 0.985693 0.651568 -1.324849
v 0.985693 0.636972 -1.372967
v 0.985693 0.613268 -1.417312
v 0.985693 0.581369 -1.456182
v 0.985693 0.542500 -1.488081
v 0.985693 0.498155 -1.511784
v 0.985693 0.450037 -1.526380
v 0.757443 0.399997 0.885192
v 0.957443 0.399997 0.885192
v 0.757443 0.321961 0.892878
v 0.957443 0.321961 0.892878
v 0.757443 0.246923 0.915640
v 0.957443 0.246923 0.915640
v 0.757443 0.177769 0.952604
v 0.957443 0.177769 0.952604
v 0.757443 0.117154 1.002349
v 0.957443 0.117154 1.002349
v 0.757443 0.067409 1.062963
v 0.957443 0.067409 1.062963
v 0.757443 0.030445 1.132118
v 0.957443 0.030445 1.132118
v 0.757443 0.007683 1.207155
v 0.957443 0.007683 1.207155
v 0.757443 -0.000003 1.285192
v 0.957443 -0.000003 1.285192
v 0.757443 0.007683 1.363228
v 0.957443 0.007683 1.363228
v 0.757443 0.030445 1.438265
v 0.957443 0.030445 1.438265
v 0.757443 0.067409 1.507420
v 0.957443 0.067409 1.507420
v 0.757443 0.117154 1.568034
v 0.957443 0.117154 1.568034
v 0.757443 0.177769 1.617779
v 0.957443 0.177769 1.617779
v 0.757443 0.246923 1.654743
v 0.957443 0.246923 1.654743
v 0.757443 0.321961 1.677506
v 0.957443 0.321961 1.677506
v 0.757443 0.399997 1.685192
v 0.957443 0.399997 1.685192
v 0.757443 0.478033 1.677506
v 0.957443 0.478033 1.677506
v 0.757443 0.553070 1.654743
v 0.957443 0.553070 1.654743
v 0.757443 0.622225 1.617779
v 0.957443 0.622225 1.617779
v 0.757443 0.682840 1.568034
v 0.957443 0.682840 1.568034
v 0.757443 0.732585 1.507420
v 0.957443 0.732585 1.507420
v 0.757443 0.769549 1.438265
v 0.957443 0.769549 1.438265
v 0.757443 0.792311 1.363227
v 0.957443 0.792311 1.363227
v 0.757443 0.799997 1.285191
v 0.957443 0.799997 1.285191
v 0.757443 0.792311 1.207155
v 0.957443 0.792311 1.207155
v 0.757443 0.769548 1.132118
v 0.957443 0.769548 1.132118
v 0.757443 0.732584 1.062963
v 0.957443 0.732584 1.062963
v 0.757443 0.682839 1.002349
v 0.957443 0.682839 1.002349
v 0.757443 0.622224 0.952604
v 0.957443 0.622224 0.952604
v 0.757443 0.553070 0.915640
v 0.957443 0.553070 0.915640
v 0.757443 0.478032 0.892877
v 0.957443 0.478032 0.892877
v 0.714943 0.399997 0.905192
v 0.714943 0.325862 0.912493
v 0.999943 0.325862 0.912493
v 0.999943 0.399997 0.905192
v 0.714943 0.254577 0.934117
v 0.999943 0.254577 0.934117
v 0.714943 0.188880 0.969233
v 0.999943 0.188880 0.969233
v 0.714943 0.131296 1.016491
v 0.999943 0.131296 1.016491
v 0.714943 0.084038 1.074075
v 0.999943 0.084038 1.074075
v 0.714943 0.048923 1.139772
v 0.999943 0.048923 1.139772
v 0.714943 0.027298 1.211057
v 0.999943 0.027298 1.211057
v 0.714943 0.019997 1.285192
v 0.999943 0.019997 1.285192
v 0.714943 0.027298 1.359326
v 0.999943 0.027298 1.359326
v 0.714943 0.048923 1.430611
v 0.999943 0.048923 1.430611
v 0.714943 0.084038 1.496308
v 0.999943 0.084038 1.496308
v 0.714943 0.131296 1.553892
v 0.999943 0.131296 1.553892
v 0.714943 0.188880 1.601150
v 0.999943 0.188880 1.601150
v 0.714943 0.254577 1.636266
v 0.999943 0.254577 1.636266
v 0.714943 0.325863 1.657890
v 0.999943 0.325862 1.657890
v 0.714943 0.399997 1.665192
v 0.999943 0.399997 1.665192
v 0.714943 0.474131 1.657890
v 0.999943 0.474131 1.657890
v 0.714943 0.545417 1.636266
v 0.999943 0.545417 1.636266
v 0.714943 0.611114 1.601150
v 0.999943 0.611114 1.601150
v 0.714943 0.668697 1.553892
v 0.999943 0.668697 1.553892
v 0.714943 0.715955 1.496308
v 0.999943 0.715955 1.496308
v 0.714943 0.751071 1.430611
v 0.999943 0.751071 1.430611
v 0.714943 0.772695 1.359326
v 0.999943 0.772695 1.359326
v 0.714943 0.779997 1.285191
v 0.999943 0.779997 1.285191
v 0.714943 0.772695 1.211057
v 0.999943 0.772695 1.211057
v 0.714943 0.751071 1.139771
v 0.999943 0.751071 1.139771
v 0.714943 0.715955 1.074075
v 0.999943 0.715955 1.074075
v 0.714943 0.668697 1.016491
v 0.999943 0.668697 1.016491
v 0.714943 0.611113 0.969233
v 0.999943 0.611113 0.969233
v 0.714943 0.545416 0.934117
v 0.999943 0.545416 0.934117
v 0.714943 0.474131 0.912493
v 0.999943 0.474130 0.912493
v 0.714943 0.399997 1.000192
v 0.714943 0.344396 1.005668
v 0.714943 0.290932 1.021886
v 0.714943 0.241659 1.048223
v 0.714943 0.198471 1.083666
v 0.714943 0.163028 1.126854
v 0.714943 0.136691 1.176127
v 0.714943 0.120473 1.229591
v 0.714943 0.114997 1.285192
v 0.714943 0.120473 1.340792
v 0.714943 0.136691 1.394256
v 0.714943 0.163028 1.443529
v 0.714943 0.198471 1.486717
v 0.714943 0.241659 1.522161
v 0.714943 0.290932 1.548497
v 0.714943 0.344396 1.564715
v 0.714943 0.399997 1.570192
v 0.714943 0.455598 1.564715
v 0.714943 0.509062 1.548497
v 0.714943 0.558334 1.522161
v 0.714943 0.601522 1.486717
v 0.714943 0.636966 1.443529
v 0.714943 0.663303 1.394256
v 0.714943 0.679521 1.340792
v 0.714943 0.684997 1.285191
v 0.714943 0.679520 1.229591
v 0.714943 0.663302 1.176126
v 0.714943 0.636965 1.126854
v 0.714943 0.601522 1.083666
v 0.714943 0.558334 1.048223
v 0.714943 0.509061 1.021886
v 0.714943 0.455597 1.005668
v 0.999943 0.344396 1.005668
v 0.999943 0.399997 1.000192
v 0.999943 0.290932 1.021886
v 0.999943 0.241659 1.048223
v 0.999943 0.198471 1.083666
v 0.999943 0.163028 1.126854
v 0.999943 0.136691 1.176127
v 0.999943 0.120473 1.229591
v 0.999943 0.114997 1.285192
v 0.999943 0.120473 1.340792
v 0.999943 0.136691 1.394256
v 0.999943 0.163028 1.443529
v 0.999943 0.198471 1.486717
v 0.999943 0.241659 1.522161
v 0.999943 0.290932 1.548497
v 0.999943 0.344396 1.564715
v 0.999943 0.399997 1.570192
v 0.999943 0.455598 1.564715
v 0.999943 0.509062 1.548497
v 0.999943 0.558334 1.522161
v 0.999943 0.601522 1.486717
v 0.999943 0.636966 1.443529
v 0.999943 0.663302 1.394256
v 0.999943 0.679520 1.340792
v 0.999943 0.684997 1.285191
v 0.999943 0.679520 1.229591
v 0.999943 0.663302 1.176126
v 0.999943 0.636965 1.126854
v 0.999943 0.601522 1.083666
v 0.999943 0.558334 1.048223
v 0.999943 0.509061 1.021886
v 0.999943 0.455597 1.005668
v 0.729193 0.399997 1.028692
v 0.729193 0.349956 1.033620
v 0.729193 0.301838 1.048217
v 0.729193 0.257493 1.071920
v 0.729193 0.218624 1.103819
v 0.729193 0.186725 1.142688
v 0.729193 0.163022 1.187033
v 0.729193 0.148425 1.235151
v 0.729193 0.143497 1.285192
v 0.729193 0.148425 1.335232
v 0.729193 0.163022 1.383350
v 0.729193 0.186725 1.427695
v 0.729193 0.218624 1.466564
v 0.729193 0.257493 1.498464
v 0.729193 0.301839 1.522167
v 0.729193 0.349956 1.536763
v 0.729193 0.399997 1.541692
v 0.729193 0.450038 1.536763
v 0.729193 0.498155 1.522167
v 0.729193 0.542501 1.498464
v 0.729193 0.581370 1.466564
v 0.729193 0.613269 1.427695
v 0.729193 0.636972 1.383350
v 0.729193 0.651568 1.335232
v 0.729193 0.656497 1.285191
v 0.729193 0.651568 1.235151
v 0.729193 0.636972 1.187033
v 0.729193 0.613268 1.142688
v 0.729193 0.581369 1.103818
v 0.729193 0.542500 1.071919
v 0.729193 0.498155 1.048216
v 0.729193 0.450037 1.033620
v 0.985693 0.349956 1.033620
v 0.985693 0.399997 1.028692
v 0.985693 0.301838 1.048217
v 0.985693 0.257493 1.071920
v 0.985693 0.218624 1.103819
v 0.985693 0.186725 1.142688
v 0.985693 0.163022 1.187033
v 0.985693 0.148425 1.235151
v 0.985693 0.143497 1.285192
v 0.985693 0.148425 1.335232
v 0.985693 0.163022 1.383350
v 0.985693 0.186725 1.427695
v 0.985693 0.218624 1.466564
v 0.985693 0.257493 1.498464
v 0.985693 0.301838 1.522167
v 0.985693 0.349956 1.536763
v 0.985693 0.399997 1.541692
v 0.985693 0.450038 1.536763
v 0.985693 0.498155 1.522167
v 0.985693 0.542501 1.498464
v 0.985693 0.581370 1.466564
v 0.985693 0.613269 1.427695
v 0.985693 0.636972 1.383350
v 0.985693 0.651568 1.335232
v 0.985693 0.656497 1.285191
v 0.985693 0.651568 1.235151
v 0.985693 0.636972 1.187033
v 0.985693 0.613268 1.142688
v 0.985693 0.581369 1.103818
v 0.985693 0.542500 1.071919
v 0.985693 0.498155 1.048216
v 0.985693 0.450037 1.033620
v 0.729193 0.399997 1.028692
v 0.729193 0.349956 1.033620
v 0.729193 0.301839 1.048217
v 0.729193 0.257493 1.071920
v 0.729193 0.218624 1.103819
v 0.729193 0.186725 1.142688
v 0.729193 0.163022 1.187033
v 0.729193 0.148425 1.235151
v 0.729193 0.143497 1.285192
v 0.729193 0.148425 1.335232
v 0.729193 0.163022 1.383350
v 0.729193 0.186725 1.427695
v 0.729193 0.218624 1.466564
v 0.729193 0.257493 1.498464
v 0.729193 0.301839 1.522167
v 0.729193 0.349956 1.536763
v 0.729193 0.399997 1.541692
v 0.729193 0.450037 1.536763
v 0.729193 0.498155 1.522167
v 0.729193 0.542501 1.498464
v 0.729193 0.581370 1.466564
v 0.729193 0.613269 1.427695
v 0.729193 0.636972 1.383350
v 0.729193 0.651568 1.335232
v 0.729193 0.656497 1.285191
v 0.729193 0.651568 1.235151
v 0.729193 0.636972 1.187033
v 0.729193 0.613268 1.142688
v 0.729193 0.581369 1.103818
v 0.729193 0.542500 1.071919
v 0.729193 0.498155 1.048216
v 0.729193 0.450037 1.033620
v 0.985693 0.349956 1.033620
v 0.985693 0.399997 1.028692
v 0.985693 0.301838 1.048217
v 0.985693 0.257493 1.071920
v 0.985693 0.218624 1.103819
v 0.985693 0.186725 1.142688
v 0.985693 0.163022 1.187033
v 0.985693 0.148425 1.235151
v 0.985693 0.143497 1.285192
v 0.985693 0.148425 1.335232
v 0.985693 0.163022 1.383350
v 0.985693 0.186725 1.427695
v 0.985693 0.218624 1.466564
v 0.985693 0.257493 1.498464
v 0.985693 0.301838 1.522167
v 0.985693 0.349956 1.536763
v 0.985693 0.399997 1.541692
v 0.985693 0.450037 1.536763
v 0.985693 0.498155 1.522167
v 0.985693 0.542501 1.498464
v 0.985693 0.581370 1.466564
v 0.985693 0.613269 1.427695
v 0.985693 0.636972 1.383350
v 0.985693 0.651568 1.335232
v 0.985693 0.656497 1.285191
v 0.985693 0.651568 1.235151
v 0.985693 0.636972 1.187033
v 0.985693 0.613268 1.142688
v 0.985693 0.581369 1.103818
v 0.985693 0.542500 1.071919
v 0.985693 0.498155 1.048216
v 0.985693 0.450037 1.033620
v -0.967557 0.299997 2.125192
v -0.992557 0.924997 2.025192
v -0.967557 0.299997 -2.174808
v -0.992557 0.974997 -2.111530
v 0.982443 0.299997 2.125192
v 1.007443 0.924997 2.025192
v 0.982443 0.299997 -2.174808
v 1.007443 0.974997 -2.111530
v -0.961307 0.999997 0.787692
v -0.961307 0.999997 -1.537308
v 0.976193 0.999997 -1.537308
v 0.976193 0.999997 0.787692
v -0.670682 1.499997 0.188942
v -0.670682 1.499997 -1.188558
v 0.685568 1.499997 -1.188558
v 0.685568 1.499997 0.188942
v 0.007443 1.064997 -2.124808
v 0.007443 0.299997 -2.174808
v 0.007443 0.999997 2.140192
v 0.007443 0.299997 2.225192
v 0.007443 1.064997 -1.637308
v 0.007443 1.064997 0.837692
v 0.007443 1.564997 -1.288558
v 0.007443 1.564997 0.238942
v 0.977347 0.949997 2.075192
v -0.962295 0.949997 2.075192
v -0.960193 0.999997 -2.124808
v 0.975877 0.999997 -2.124808
v -0.992557 0.974997 -0.374808
v -0.967557 0.299997 -0.374808
v 1.007443 0.974997 -0.374808
v 0.982443 0.299997 -0.374808
v 0.007443 0.299997 -0.374808
v -0.961307 0.999997 -0.374808
v 0.976193 0.999997 -0.374808
v -0.670682 1.524997 -0.499808
v 0.685568 1.524997 -0.499808
v 0.007443 1.589997 -0.499808
v 0.491818 1.049997 -1.612308
v 0.346506 1.549997 -1.263558
v 0.492395 0.999997 2.125192
v 0.491818 1.049997 0.837692
v 0.346506 1.549997 0.238942
v 0.491660 1.049997 -2.124808
v 0.346506 1.574997 -0.499808
v -0.476932 1.049997 0.837692
v -0.476375 1.049997 -2.124808
v -0.331619 1.549997 0.238942
v -0.476932 1.049997 -1.612308
v -0.331619 1.549997 -1.263558
v -0.477426 0.999997 2.125192
v -0.331619 1.574997 -0.499808
v 1.007443 0.662497 -2.174808
v 1.007443 0.662497 2.125192
v 1.007443 0.662497 -0.374808
v -0.992557 0.662497 2.125192
v -0.992557 0.662497 -2.174808
v -0.992557 0.662497 -0.374808
v 0.007443 0.662497 -2.174808
v 0.007443 0.662494 2.240192
v 0.494943 0.299997 2.225192
v 0.884943 0.299997 -2.174808
v 0.494943 0.299997 -0.374808
v 0.907443 0.662497 -2.174808
v 0.507443 0.662495 2.225192
v -0.870057 0.299997 -2.174808
v -0.480057 0.299997 2.225192
v -0.480057 0.299997 -0.374808
v -0.892557 0.662497 -2.174808
v -0.492557 0.662495 2.225192
v 0.907476 0.646872 2.260192
v 0.907476 0.365622 2.260192
v 0.457460 0.365622 2.360192
v -0.442573 0.365622 2.360192
v 0.007443 0.365622 2.375192
v -0.892590 0.365622 2.260192
v -0.892590 0.646872 2.260192
v 0.007443 0.646869 2.375192
v 0.457460 0.646870 2.360192
v -0.442573 0.646870 2.360192
v -0.992557 0.610414 -2.174808
v -0.992557 0.452080 -2.174808
v 1.007443 0.610414 -2.174808
v 1.007443 0.452080 -2.174808
v 1.007443 0.610414 2.125192
v 1.007443 0.402080 2.125192
v 0.007443 0.630622 -2.274808
v 0.007443 0.356765 -2.274808
v 1.007443 0.610414 -0.374808
v 1.007443 0.452080 -0.374808
v -0.992557 0.610414 -0.374808
v -0.992557 0.452080 -0.374808
v -0.992557 0.402080 2.125192
v -0.992557 0.610414 2.125192
v 0.952443 0.630622 -2.274808
v 0.952443 0.356765 -2.274808
v -0.937557 0.630622 -2.274808
v -0.937557 0.356765 -2.274808
v 0.907476 0.599997 2.275192
v 0.907476 0.412497 2.275192
v -0.892590 0.412497 2.275192
v -0.892590 0.599997 2.275192
v 0.007443 0.412495 2.390192
v 0.007443 0.599993 2.390192
v 0.457460 0.599995 2.375192
v 0.457460 0.412496 2.375192
v -0.442573 0.599995 2.375192
v -0.442573 0.412496 2.375192
v -0.515493 0.931701 2.102824
v -0.927631 0.924201 2.060324
v 0.942668 0.924201 2.060324
v 0.530460 0.931701 2.102824
v -0.528354 0.679825 2.187824
v -0.953354 0.679826 2.102824
v 0.968251 0.679826 2.102824
v 0.543251 0.679825 2.187824
v -0.452713 1.061497 0.822723
v -0.912869 1.013997 0.772723
v -0.314666 1.536497 0.253911
v -0.636775 1.488997 0.203911
v 0.927756 1.013997 0.772723
v 0.651662 1.488997 0.203911
v 0.467600 1.061497 0.822723
v 0.007443 1.076497 0.822723
v 0.329553 1.536497 0.253911
v 0.007443 1.551497 0.253911
v -0.992557 0.974997 -0.374808
v -0.946775 1.025622 0.711473
v -0.685213 1.475622 0.172598
v -0.946775 1.025622 -0.334777
v -0.685213 1.498122 -0.447277
v -0.946775 1.025622 -0.427339
v -0.946775 1.025622 -1.473589
v -0.685213 1.498122 -0.539839
v -0.685213 1.475622 -1.159714
v -0.946775 1.025622 -0.427339
v -0.946775 1.025622 -1.473589
v -0.685213 1.498122 -0.539839
v -0.685213 1.475622 -1.159714
v -0.945468 1.027928 -0.432067
v -0.945468 1.027928 -1.467854
v -0.686521 1.495703 -0.543442
v -0.686521 1.473428 -1.157118
v -0.945468 1.027928 0.704613
v -0.686521 1.473428 0.171127
v -0.945468 1.027928 -0.331174
v -0.686521 1.495703 -0.442549
v 0.961662 1.025622 -0.334777
v 0.961662 1.025622 0.711473
v 0.700100 1.498122 -0.447277
v 0.700100 1.475622 0.172598
v 0.700100 1.475622 -1.159714
v 0.961662 1.025622 -1.473589
v 0.961662 1.025622 -0.427339
v 0.700100 1.498122 -0.539839
v 0.704644 1.467999 -1.150693
v 0.957117 1.033636 -1.453661
v 0.957117 1.033636 -0.443769
v 0.704644 1.489717 -0.552359
v 0.957117 1.033636 -0.322257
v 0.957117 1.033636 0.687636
v 0.704644 1.489717 -0.430848
v 0.704644 1.467999 0.167487
v -0.967557 0.299997 1.697067
v 1.007443 0.937497 1.425192
v 0.007443 0.299997 1.575192
v -0.992557 0.937497 1.425192
v 0.982443 0.299997 1.697067
v 1.007443 0.762497 1.491989
v -0.992557 0.762497 1.491989
v 0.494943 0.299997 1.575192
v -0.480057 0.299997 1.575192
v -0.992557 0.452080 1.697067
v 1.007443 0.452080 1.697067
v -0.992557 0.946872 0.975192
v 0.982443 0.299997 0.876754
v 1.007443 0.762497 1.081832
v 1.007443 0.452080 0.876754
v -0.967557 0.299997 0.876754
v 1.007443 0.946872 0.975192
v 0.007443 0.299997 0.975192
v -0.992557 0.762497 1.081832
v 0.494943 0.299997 0.975192
v -0.480057 0.299997 0.975192
v -0.992557 0.452080 0.876754
v -0.992557 0.974997 -1.587308
v 0.982443 0.299997 -1.687308
v -0.967557 0.299997 -1.687308
v 1.007443 0.974997 -1.587308
v 0.007443 0.299997 -1.687308
v 1.007443 0.762497 -1.524496
v -0.992557 0.762497 -1.524496
v 0.787443 0.299997 -1.687308
v -0.772557 0.299997 -1.687308
v 1.007443 0.452080 -1.687308
v -0.992557 0.452080 -1.687308
v -0.946775 1.025622 -1.212027
v -0.685213 1.481247 -1.004745
v -0.946775 1.025622 -1.212027
v -0.685213 1.481247 -1.004745
v -0.967557 0.299997 -0.859183
v 1.007443 0.974997 -0.959183
v 0.007443 0.299997 -0.859183
v -0.992557 0.762497 -1.021996
v 0.714318 0.299997 -0.859183
v -0.699432 0.299997 -0.859183
v -0.992557 0.452080 -0.859183
v -0.992557 0.974997 -0.959183
v 0.982443 0.299997 -0.859183
v 1.007443 0.762497 -1.021996
v 1.007443 0.452080 -0.859183
v -0.946775 1.025622 -1.015855
v -0.685213 1.485466 -0.888519
v -0.946775 1.025622 -1.015855
v -0.685213 1.485466 -0.888519
v -0.686521 1.483173 -0.888635
v 0.467600 1.061647 -1.603589
v 0.927756 1.014147 -1.528589
v 0.329553 1.536647 -1.272277
v 0.651662 1.489147 -1.197277
v -0.636775 1.489147 -1.197277
v -0.912869 1.014147 -1.528589
v -0.452713 1.061647 -1.603589
v 0.007443 1.075897 -1.628589
v -0.314666 1.536647 -1.272277
v 0.007443 1.550897 -1.297277
v 0.444592 1.072714 -1.595307
v 0.881740 1.027589 -1.520307
v 0.313447 1.523964 -1.280560
v 0.619451 1.478839 -1.205559
v -0.604564 1.478839 -1.205559
v -0.866854 1.027589 -1.520307
v -0.429705 1.072714 -1.595307
v 0.007443 1.086252 -1.620306
v -0.298561 1.523964 -1.280560
v 0.007443 1.537502 -1.305560
v 0.007443 0.999997 2.140192
v 0.492395 0.999997 2.125192
v -0.477426 0.999997 2.125192
v 0.007443 0.662494 2.240192
v 0.507443 0.662495 2.225192
v -0.492557 0.662495 2.225192
v 0.007443 0.976237 -2.122556
v 1.057443 0.737497 1.491989
v -1.042557 0.737497 1.491989
v -1.042557 0.427080 1.697067
v 1.057443 0.427080 1.697067
v 1.057443 0.737497 1.081832
v 1.057443 0.427080 0.876754
v -1.042557 0.737497 1.081832
v -1.042557 0.427080 0.876754
v 1.057443 0.737497 -1.524496
v -1.042557 0.737497 -1.524496
v 1.057443 0.427080 -1.687308
v -1.042557 0.427080 -1.687308
v -1.042557 0.737497 -1.021996
v -1.042557 0.427080 -0.859183
v 1.057443 0.737497 -1.021996
v 1.057443 0.427080 -0.859183
v -1.042557 0.714216 1.461227
v -1.042557 0.450362 1.635544
v -1.042557 0.714216 1.112594
v -1.042557 0.450362 0.938278
v 1.057443 0.714216 1.461227
v 1.057443 0.450362 1.635543
v 1.057443 0.714216 1.112594
v 1.057443 0.450362 0.938278
v 1.057443 0.721970 -1.486808
v 1.057443 0.442607 -1.625199
v 1.057443 0.721970 -1.059683
v 1.057443 0.442607 -0.921292
v -1.042557 0.714216 -1.486808
v -1.042557 0.450362 -1.625199
v -1.042557 0.714216 -1.059683
v -1.042557 0.450362 -0.921292
v -0.429705 1.072572 0.807503
v -0.866854 1.027447 0.760003
v -0.298561 1.523822 0.267131
v -0.604564 1.478697 0.219631
v 0.881740 1.027447 0.760003
v 0.619451 1.478697 0.219631
v 0.444592 1.072572 0.807503
v 0.007443 1.086822 0.807503
v 0.313447 1.523822 0.267131
v 0.007443 1.538072 0.267131
vn -0.0000 -0.1174 -0.9931
vn 0.0009 -0.1174 -0.9931
vn -0.8743 0.4853 0.0057
vn -0.8698 0.4933 -0.0024
vn -0.8721 0.4894 0.0033
vn -0.8742 0.4855 0.0065
vn -0.1696 0.8333 -0.5262
vn -0.1722 0.8365 -0.5202
vn -0.1704 0.8342 -0.5245
vn 0.0233 0.5810 -0.8136
vn 0.8743 0.4853 0.0057
vn 0.8698 0.4933 -0.0023
vn 0.8727 0.4882 -0.0033
vn 0.8755 0.4831 -0.0065
vn -0.8784 0.1701 0.4466
vn -0.7707 0.6371 0.0129
vn 0.8640 0.5032 0.0177
vn 0.8609 0.5087 0.0069
vn 0.8626 0.5058 0.0126
vn -0.8755 0.4831 -0.0065
vn -0.8754 0.4834 -0.0061
vn -0.0602 0.6503 -0.7573
vn -0.0618 0.6512 -0.7564
vn -0.0613 0.6509 -0.7567
vn 1.0000 -0.0000 -0.0000
vn -1.0000 -0.0000 -0.0000
vn 0.4572 0.1054 0.8831
vn 0.8795 0.1694 0.4447
vn -0.0990 0.8631 0.4952
vn -0.0000 -0.0000 -1.0000
vn -0.7057 0.2425 0.6657
vn 0.0723 -0.3648 0.9283
vn 0.0990 0.8631 0.4952
vn -0.0723 -0.3647 0.9283
vn -0.4572 0.1057 0.8830
vn 0.7056 0.2423 0.6659
vn 0.6247 0.7809 -0.0000
vn 0.6236 0.7817 -0.0001
vn 0.6220 0.7830 -0.0002
vn 0.6209 0.7839 -0.0003
vn 0.7711 0.6366 0.0129
vn -0.6225 0.7826 -0.0002
vn -0.8639 0.5034 0.0178
vn -0.8641 0.5029 0.0183
vn -0.8626 0.5058 0.0126
vn -0.8610 0.5086 0.0069
vn -0.8609 0.5086 0.0069
vn -0.8699 0.4933 -0.0000
vn -0.8625 0.5061 -0.0068
vn 0.8641 0.5029 0.0183
vn 0.8742 0.4855 0.0066
vn 0.8721 0.4894 0.0033
vn 0.8699 0.4933 -0.0000
vn 0.8625 0.5061 -0.0068
vn 0.8680 0.4962 -0.0180
vn -0.8680 0.4962 -0.0180
vn 0.1696 0.8332 -0.5263
vn 0.1704 0.8342 -0.5245
vn 0.1723 0.8365 -0.5202
vn -0.0233 0.5810 -0.8136
vn 0.0602 0.6503 -0.7573
vn 0.0613 0.6509 -0.7567
vn 0.0618 0.6512 -0.7564
vn -0.0009 -0.1174 -0.9931
vn -0.0055 0.1814 -0.9834
vn -0.0000 0.1814 -0.9834
vn 0.0055 0.1814 -0.9834
vn 0.2288 0.8641 0.4483
vn 0.3896 0.6057 0.6938
vn 0.5579 0.8188 0.1351
vn 0.0903 0.9630 0.2539
vn 0.0969 0.9953 0.0006
vn 0.1863 0.7699 -0.6103
vn -0.0000 0.8505 -0.5260
vn -0.0000 1.0000 0.0008
vn -0.0000 0.9260 0.3776
vn -0.1386 0.8799 0.4545
vn -0.1213 0.6496 0.7505
vn -0.0000 0.7179 0.6961
vn -0.4798 0.8342 0.2718
vn -0.1246 0.6766 0.7258
vn 0.1147 0.9493 -0.2926
vn 0.0515 0.6719 -0.7388
vn -0.0000 0.6724 -0.7402
vn -0.0000 0.9124 -0.4093
vn -0.0515 0.6719 -0.7389
vn -0.1147 0.9493 -0.2927
vn -0.0903 0.9630 0.2539
vn -0.2288 0.8641 0.4483
vn -0.0000 0.9990 0.0444
vn -0.0000 0.9416 0.3368
vn -0.0969 0.9953 0.0006
vn -0.5635 0.8261 -0.0005
vn 0.1386 0.8799 0.4545
vn 0.4798 0.8342 0.2718
vn 0.5635 0.8261 -0.0005
vn 0.5082 0.8498 -0.1397
vn 0.2703 0.6466 -0.7133
vn 0.1213 0.6496 0.7505
vn -0.5576 0.8190 0.1351
vn -0.3890 0.6058 0.6940
vn -0.2707 0.6449 -0.7147
vn -0.5070 0.8505 -0.1399
vn 0.1246 0.6766 0.7258
vn 0.0869 0.8406 0.5346
vn 0.1718 0.3354 -0.9263
vn -0.0000 0.4963 -0.8681
vn -0.0869 0.8406 0.5346
vn 0.0823 0.8532 0.5150
vn -0.0000 0.8155 0.5787
vn -0.0823 0.8532 0.5150
vn -0.1863 0.7699 -0.6103
vn -0.4684 0.7982 -0.3787
vn 0.4684 0.7982 -0.3787
vn 0.1376 0.3895 -0.9107
vn -0.1718 0.3354 -0.9263
vn -0.1376 0.3895 -0.9107
vn -0.0000 0.2847 0.9586
vn 0.0292 0.2846 0.9582
vn -0.0292 0.2846 0.9582
vn -0.0000 -0.0000 -0.0000
vn -0.8624 0.5063 -0.0000
vn -0.8731 0.4875 0.0028
vn 0.8731 0.4875 0.0028
vn 0.8698 0.4933 -0.0000
vn -0.8698 0.4934 -0.0000
vn -0.8705 0.4922 -0.0009
vn -0.8745 0.4851 -0.0021
vn 0.8637 0.5040 -0.0013
vn 0.8744 0.4851 -0.0021
vn -0.1731 0.8376 -0.5181
vn 0.1731 0.8376 -0.5181
vn 0.0623 0.6515 -0.7560
vn -0.0623 0.6516 -0.7560
vn -0.0872 0.7266 0.6815
vn -0.0000 0.7357 0.6773
vn 0.0806 0.8140 0.5752
vn -0.0000 0.7990 0.6013
vn 0.1154 0.8338 0.5399
vn -0.0806 0.8140 0.5752
vn -0.1154 0.8338 0.5399
vn -0.0000 0.5384 -0.8427
vn -0.1377 0.5109 -0.8486
vn 0.1377 0.5109 -0.8486
vn 0.1943 0.4245 -0.8843
vn -0.1943 0.4245 -0.8843
vn -0.1561 0.7011 0.6958
vn 0.0872 0.7266 0.6815
vn 0.1561 0.7011 0.6958
vn -0.0000 -0.0000 1.0000
vn -0.8742 0.4853 -0.0150
vn -0.8625 0.5061 -0.0066
vn -0.8682 0.4959 0.0158
vn -0.8616 0.5073 0.0135
vn 0.8723 0.4887 0.0175
vn 0.8636 0.5040 -0.0139
vn 0.8755 0.4831 -0.0066
vn 0.8617 0.5073 0.0134
vn 0.8646 0.5024 0.0032
vn 0.8705 0.4919 -0.0161
vn -0.8681 0.4961 -0.0180
vn -0.8681 0.4961 -0.0169
vn -0.8667 0.4986 -0.0156
vn -0.8668 0.4986 -0.0038
vn 0.1231 0.6500 -0.7499
vn -0.0000 0.6171 -0.7869
vn -0.1231 0.6500 -0.7499
vn -0.1294 0.7164 -0.6856
vn 0.1294 0.7164 -0.6856
vn -0.2657 0.5314 -0.8044
vn -0.4472 0.8944 -0.0000
vn 0.2262 0.4524 0.8626
vn 0.2262 0.4524 -0.8626
vn 0.4472 0.8944 -0.0000
vn 0.2657 0.5314 -0.8044
vn -0.8457 -0.4991 0.1889
vn 0.8457 -0.4991 0.1889
vn 0.8543 -0.5042 0.1260
vn 0.8543 -0.5042 -0.1260
vn -0.8460 -0.4993 -0.1872
vn -0.7994 0.1263 -0.5874
vn -0.9712 -0.0625 -0.2298
vn -0.6154 -0.7471 -0.2514
vn -0.4591 -0.8852 -0.0749
vn 0.8218 0.1475 0.5503
vn 0.9541 -0.1046 0.2808
vn 0.6271 -0.7330 0.2635
vn 0.4523 -0.8891 0.0699
vn 0.7994 0.1263 0.5874
vn 0.9967 -0.0814 -0.0000
vn 0.6472 -0.7623 -0.0000
vn 0.4606 -0.8840 0.0798
vn -0.8201 0.1520 -0.5517
vn -0.9967 -0.0814 -0.0000
vn -0.6472 -0.7623 -0.0000
vn -0.4587 -0.8854 -0.0751
vn 0.1995 0.9232 0.3284
vn -0.0000 0.9933 0.1156
vn -0.0000 0.7666 0.6421
vn 0.0818 0.7543 0.6514
vn 0.4459 -0.4201 -0.7904
vn 0.9712 -0.0625 -0.2298
vn 0.6154 -0.7471 -0.2514
vn -0.4459 -0.4201 -0.7904
vn -0.0000 -0.5032 -0.8642
vn -0.0000 -0.9668 -0.2554
vn 0.7953 0.3543 0.4920
vn 0.4231 0.6620 0.6187
vn -0.0000 -0.9767 0.2145
vn 0.0342 -0.9689 0.2450
vn 0.0907 -0.6414 0.7618
vn -0.0000 -0.6582 0.7528
vn -0.6271 -0.7330 0.2635
vn -0.0342 -0.9689 0.2450
vn -0.0907 -0.6414 0.7618
vn -0.4521 -0.5446 0.7065
vn 0.5444 -0.1299 0.8287
vn 0.1232 -0.1518 0.9807
vn 0.4521 -0.5446 0.7065
vn -0.0000 -0.1537 0.9881
vn -0.1232 -0.1518 0.9807
vn -0.5444 -0.1299 0.8287
vn 0.9546 0.0238 0.2968
vn 0.5430 0.1063 0.8330
vn -0.1995 0.9232 0.3284
vn -0.7953 0.3542 0.4920
vn -0.4231 0.6620 0.6187
vn -0.0818 0.7543 0.6514
vn -0.9541 -0.1046 0.2808
vn -0.9546 0.0238 0.2968
vn -0.5430 0.1063 0.8330
vn -0.1232 0.1518 0.9807
vn -0.0000 0.1537 0.9881
vn 0.1232 0.1518 0.9807
vn -0.9189 0.1650 -0.3584
vn -0.4515 0.5372 -0.7124
vn -0.0000 0.6611 -0.7503
vn 0.0935 0.6220 -0.7774
vn 0.4515 0.5372 -0.7124
vn -0.0000 0.5900 -0.8074
vn -0.0935 0.6220 -0.7774
vn 0.9189 0.1650 -0.3584
vn -0.8218 0.1475 0.5503
vn -0.4524 -0.8891 0.0700
vn 0.8201 0.1520 -0.5517
vn 0.4587 -0.8854 -0.0750
vn -0.9163 0.3625 0.1702
vn 0.7994 0.1263 -0.5874
vn 0.4606 -0.8840 -0.0799
vn -0.7994 0.1263 0.5874
vn -0.4592 -0.8852 0.0749
vn 0.9163 0.3625 0.1702
vn -0.9223 0.3429 0.1782
vn -0.7456 0.5352 0.3971
vn -0.7622 -0.1214 0.6359
vn -0.9223 0.3429 -0.1782
vn -0.7456 0.5352 -0.3971
vn 0.7660 -0.0929 0.6361
vn 0.7581 0.5485 0.3529
vn -0.7580 0.5485 0.3529
vn -0.7660 -0.0929 0.6361
vn -0.7621 -0.1214 -0.6359
vn -0.9894 -0.1360 -0.0515
vn -0.7660 -0.0930 -0.6361
vn -0.4524 -0.8891 0.0699
vn 0.9894 -0.1360 -0.0515
vn 0.7660 -0.0929 -0.6361
vn 0.7510 -0.1061 -0.6517
vn 0.7510 -0.1062 0.6517
vn -0.9887 -0.1403 0.0526
vn -0.9887 -0.1403 -0.0526
vn 0.1478 0.2568 0.9551
vn -0.1478 0.2569 0.9551
vn -0.0000 -1.0000 -0.0000
vn -0.2153 -0.0000 -0.9765
vn 0.2153 -0.0000 -0.9765
vn 0.2153 -0.1905 -0.9578
vn -0.2153 -0.1905 -0.9578
vn 0.2153 -0.3737 -0.9022
vn -0.2153 -0.3737 -0.9022
vn 0.2153 -0.5425 -0.8120
vn -0.2153 -0.5425 -0.8120
vn 0.2153 -0.6905 -0.6905
vn -0.2153 -0.6905 -0.6905
vn 0.2153 -0.8120 -0.5425
vn -0.2153 -0.8120 -0.5425
vn 0.2153 -0.9022 -0.3737
vn -0.2153 -0.9022 -0.3737
vn 0.2153 -0.9578 -0.1905
vn -0.2153 -0.9578 -0.1905
vn 0.2153 -0.9765 -0.0000
vn -0.2153 -0.9765 -0.0000
vn 0.2153 -0.9578 0.1905
vn -0.2153 -0.9578 0.1905
vn 0.2153 -0.9022 0.3737
vn -0.2153 -0.9022 0.3737
vn 0.2153 -0.8120 0.5425
vn -0.2153 -0.8120 0.5425
vn 0.2153 -0.6905 0.6905
vn -0.2153 -0.6905 0.6905
vn 0.2153 -0.5425 0.8120
vn -0.2153 -0.5425 0.8120
vn 0.2153 -0.3737 0.9022
vn -0.2153 -0.3737 0.9022
vn 0.2153 -0.1905 0.9578
vn -0.2153 -0.1905 0.9578
vn 0.2153 -0.0000 0.9765
vn -0.2153 -0.0000 0.9765
vn 0.2153 0.1905 0.9578
vn -0.2153 0.1905 0.9578
vn 0.2153 0.3737 0.9022
vn -0.2153 0.3737 0.9022
vn 0.2153 0.5425 0.8120
vn -0.2153 0.5425 0.8120
vn 0.2153 0.6905 0.6905
vn -0.2153 0.6905 0.6905
vn 0.2153 0.8120 0.5425
vn -0.2153 0.8120 0.5425
vn 0.2153 0.9022 0.3737
vn -0.2153 0.9022 0.3737
vn 0.2153 0.9578 0.1905
vn -0.2153 0.9578 0.1905
vn 0.2153 0.9765 -0.0000
vn -0.2153 0.9765 -0.0000
vn 0.2153 0.9578 -0.1905
vn -0.2153 0.9578 -0.1905
vn 0.2153 0.9022 -0.3737
vn -0.2153 0.9022 -0.3737
vn 0.2153 0.8120 -0.5425
vn -0.2153 0.8120 -0.5425
vn 0.2153 0.6905 -0.6905
vn -0.2153 0.6905 -0.6905
vn 0.2153 0.5425 -0.8120
vn -0.2153 0.5425 -0.8120
vn 0.2153 0.3737 -0.9022
vn -0.2153 0.3737 -0.9022
vn 0.8293 0.5163 0.2139
vn 0.8293 0.5481 0.1090
vn 0.2153 0.1905 -0.9578
vn -0.2153 0.1905 -0.9578
vn -0.8293 -0.0000 -0.5588
vn -0.8293 0.1090 -0.5481
vn 0.8293 -0.3105 0.4647
vn 0.8293 -0.3952 0.3952
vn 0.9764 0.1528 -0.1528
vn 0.9764 0.1200 -0.1797
vn -0.8293 0.5163 -0.2139
vn -0.8293 0.4647 -0.3105
vn -0.9764 -0.1797 0.1200
vn -0.9764 -0.1996 0.0827
vn -0.8293 -0.5163 -0.2139
vn -0.8293 -0.4647 -0.3105
vn 0.8293 0.1090 -0.5481
vn 0.8293 -0.0000 -0.5588
vn -0.8293 -0.1090 0.5481
vn -0.8293 -0.2139 0.5163
vn 0.8293 -0.4647 -0.3105
vn 0.8293 -0.5163 -0.2139
vn -0.8293 0.5588 -0.0000
vn -0.8293 0.5481 0.1090
vn 0.8293 -0.2139 0.5163
vn 0.8293 -0.1090 0.5481
vn 0.8293 0.5588 -0.0000
vn -0.8293 -0.5481 -0.1090
vn -0.8293 -0.0000 0.5588
vn 0.8293 -0.5481 -0.1090
vn -0.8293 0.5481 -0.1090
vn 0.8293 -0.0000 0.5588
vn 0.8293 0.5481 -0.1090
vn -0.8293 -0.5588 -0.0000
vn -0.8293 0.1090 0.5481
vn 0.8293 -0.5588 -0.0000
vn 0.8293 0.1090 0.5481
vn 0.8293 0.5163 -0.2139
vn -0.8293 -0.5481 0.1090
vn -0.8293 0.2139 0.5163
vn 0.8293 -0.5481 0.1090
vn -0.8293 -0.1090 -0.5481
vn 0.8293 0.2139 0.5163
vn 0.8293 -0.1090 -0.5481
vn 0.8293 0.4647 -0.3105
vn -0.8293 -0.5163 0.2139
vn -0.8293 0.3105 0.4647
vn 0.8293 -0.5163 0.2139
vn -0.8293 0.3952 -0.3952
vn 0.8293 0.3105 0.4647
vn -0.8293 -0.2139 -0.5163
vn 0.8293 0.3952 -0.3952
vn -0.8293 -0.4647 0.3105
vn 0.8293 -0.2139 -0.5163
vn -0.8293 0.3952 0.3952
vn 0.8293 -0.4647 0.3105
vn -0.8293 0.3105 -0.4647
vn 0.8293 0.3952 0.3952
vn -0.8293 -0.3105 -0.4647
vn 0.8293 0.3105 -0.4647
vn -0.8293 -0.3952 0.3952
vn 0.8293 -0.3105 -0.4647
vn -0.8293 0.4647 0.3105
vn -0.8293 0.2139 -0.5163
vn 0.8293 0.4647 0.3105
vn -0.8293 -0.3952 -0.3952
vn 0.8293 0.2139 -0.5163
vn -0.8293 -0.3105 0.4647
vn 0.8293 -0.3952 -0.3952
vn -0.8293 0.5163 0.2139
vn 0.9764 -0.0422 -0.2119
vn 0.9764 -0.0000 -0.2161
vn 0.8944 -0.0000 -0.4472
vn 0.8944 -0.0872 -0.4386
vn -0.9764 0.2119 0.0422
vn -0.9764 0.1996 0.0827
vn -0.9764 0.0827 -0.1996
vn -0.9764 0.1200 -0.1797
vn -0.9764 -0.1797 -0.1200
vn -0.9764 -0.1528 -0.1528
vn -0.9764 0.0422 0.2119
vn -0.9764 -0.0000 0.2161
vn -0.9764 -0.1528 0.1528
vn -0.9764 0.2161 -0.0000
vn -0.9764 0.0422 -0.2119
vn -0.9764 -0.1996 -0.0827
vn -0.9764 0.0827 0.1996
vn -0.9764 -0.1200 0.1797
vn -0.9764 0.2119 -0.0422
vn -0.9764 -0.0000 -0.2161
vn -0.9764 -0.2119 -0.0422
vn -0.9764 0.1200 0.1797
vn -0.9764 -0.0827 0.1996
vn -0.9764 0.1996 -0.0827
vn -0.9764 -0.0422 -0.2119
vn -0.9764 -0.2161 -0.0000
vn -0.9764 0.1528 0.1528
vn -0.9764 -0.0422 0.2119
vn -0.9764 0.1797 -0.1200
vn -0.9764 -0.0827 -0.1996
vn -0.9764 -0.2119 0.0422
vn -0.9764 0.1797 0.1200
vn -0.9764 0.1528 -0.1528
vn -0.9764 -0.1200 -0.1797
vn -0.8944 0.1711 0.4132
vn -0.8944 0.0872 0.4386
vn 0.9764 -0.1200 -0.1797
vn 0.9764 -0.1528 -0.1528
vn 0.9764 -0.1996 0.0827
vn 0.9764 -0.1797 0.1200
vn 0.9764 0.1996 0.0827
vn 0.9764 0.2119 0.0422
vn 0.9764 0.0827 -0.1996
vn 0.9764 -0.1797 -0.1200
vn 0.9764 -0.0000 0.2161
vn 0.9764 0.0422 0.2119
vn 0.9764 -0.1528 0.1528
vn 0.9764 0.2161 -0.0000
vn 0.9764 0.0422 -0.2119
vn 0.9764 -0.1996 -0.0827
vn 0.9764 0.0827 0.1996
vn 0.9764 -0.1200 0.1797
vn 0.9764 0.2119 -0.0422
vn 0.9764 -0.2119 -0.0422
vn 0.9764 0.1200 0.1797
vn 0.9764 -0.0827 0.1996
vn 0.9764 0.1996 -0.0827
vn 0.9764 -0.2161 -0.0000
vn 0.9764 0.1528 0.1528
vn 0.9764 -0.0422 0.2119
vn 0.9764 0.1797 -0.1200
vn 0.9764 -0.0827 -0.1996
vn 0.9764 -0.2119 0.0422
vn 0.9764 0.1797 0.1200
vn -0.8944 -0.2485 0.3719
vn -0.8944 -0.3162 0.3162
vn -0.8944 0.2485 0.3718
vn 0.8944 -0.1711 -0.4132
vn -0.8944 -0.1711 0.4132
vn -0.8944 0.3162 0.3162
vn 0.8944 -0.2485 -0.3718
vn -0.8944 -0.0872 0.4386
vn -0.8944 0.3718 0.2485
vn 0.8944 -0.3162 -0.3162
vn -0.8944 -0.0000 0.4472
vn -0.8944 0.4132 0.1711
vn 0.8944 -0.3718 -0.2485
vn -0.8944 0.4386 0.0872
vn 0.8944 -0.4132 -0.1711
vn -0.8944 0.4472 -0.0000
vn 0.8944 -0.4386 -0.0872
vn -0.8944 0.4386 -0.0872
vn 0.8944 -0.4472 -0.0000
vn -0.8944 0.4132 -0.1711
vn 0.8944 -0.4386 0.0872
vn -0.8944 0.3718 -0.2485
vn 0.8944 -0.4132 0.1711
vn -0.8944 0.3162 -0.3162
vn 0.8944 -0.3718 0.2485
vn 0.8944 -0.0000 0.4472
vn 0.8944 0.0872 0.4386
vn -0.8944 0.2485 -0.3718
vn 0.8944 -0.3162 0.3162
vn 0.8944 0.1711 0.4132
vn -0.8944 0.1711 -0.4132
vn 0.8944 -0.2485 0.3718
vn 0.8944 0.2485 0.3718
vn -0.8944 0.0872 -0.4386
vn 0.8944 -0.1711 0.4132
vn 0.8944 0.3162 0.3162
vn -0.8944 -0.0000 -0.4472
vn 0.8944 -0.0872 0.4386
vn 0.8944 0.3718 0.2485
vn -0.8944 -0.0872 -0.4386
vn 0.8944 0.4132 0.1711
vn -0.8944 -0.1711 -0.4132
vn 0.8944 0.4386 0.0872
vn -0.8944 -0.2485 -0.3718
vn 0.8944 0.4472 -0.0000
vn -0.8944 -0.3162 -0.3162
vn 0.8944 0.4386 -0.0872
vn -0.8944 -0.3718 -0.2485
vn 0.8944 0.4132 -0.1711
vn -0.8944 -0.4132 -0.1711
vn 0.8944 0.3718 -0.2485
vn -0.8944 -0.4386 -0.0872
vn 0.8944 0.3162 -0.3162
vn -0.8944 -0.4472 -0.0000
vn 0.8944 0.2485 -0.3718
vn -0.8944 -0.4386 0.0872
vn 0.8944 0.1711 -0.4132
vn -0.8944 -0.4132 0.1711
vn 0.8944 0.0872 -0.4386
vn -0.8944 -0.3718 0.2485
vn 0.8944 -0.4386 0.0873
vn 0.8944 -0.2485 0.3719
vn -0.8944 -0.4386 0.0873
s 1
usemtl Body
f 1297//1 1324//2 1308//2 1288//2 1523//1
f 1316//3 1314//4 1410//5 1411//6
f 1329//7 1290//7 1502//8 1503//9
f 1295//10 1291//10 1498//10 1500//10
f 1317//11 1315//12 1434//13 1435//14
f 1282//15 1336//15 1306//15
f 1282//16 1306//16 1289//16 1314//16 1407//16
f 1296//17 1292//18 1429//18 1431//19
f 1314//4 1316//3 1414//20 1412//21
f 1301//22 1329//22 1503//23 1504//24
f 1482//25 1311//25 1335//25 1490//25
f 1445//25 1286//25 1334//25 1449//25
f 1455//26 1309//26 1338//26 1462//26
f 1466//26 1284//26 1337//26 1472//26
f 1306//27 1336//27 1394//27 1390//27
f 1305//28 1334//28 1286//28
f 1336//29 1350//29 1393//29 1394//29
f 1337//30 1349//30 1361//30
f 1369//25 1370//25 1491//25 1490//25 1335//25
f 1457//25 1458//25 1370//25 1369//25 1335//25
f 1350//31 1331//31 1389//31 1393//31
f 1305//32 1321//32 1392//32 1391//32
f 1345//33 1334//33 1395//33 1396//33
f 1331//34 1306//34 1390//34 1389//34
f 1334//35 1305//35 1391//35 1395//35
f 1321//36 1345//36 1396//36 1392//36
f 1482//37 1469//37 1288//38 1291//39 1315//37 1311//37
f 1291//39 1288//38 1308//40
f 1311//41 1315//41 1292//41 1305//41 1286//41 1445//41 1460//41
f 1407//42 1314//42 1290//42 1307//42 1284//42
f 1293//43 1316//44 1411//44 1409//45
f 1289//46 1293//43 1409//45 1408//47
f 1314//4 1289//48 1408//48 1410//5
f 1294//49 1290//49 1413//49 1415//49
f 1290//48 1314//4 1412//21 1492//48 1477//48 1413//48
f 1317//50 1296//17 1431//19 1430//50
f 1315//12 1317//11 1430//51 1428//52
f 1292//53 1315//12 1428//52 1429//53
f 1291//54 1295//54 1432//54 1433//54
f 1295//55 1317//55 1435//55 1432//55
f 1363//30 1344//30 1333//30
f 1371//26 1372//26 1465//26 1462//26 1338//26
f 1282//26 1447//26 1450//26 1336//26
f 1460//25 1445//25 1449//25 1457//25
f 1311//25 1460//25 1457//25 1335//25
f 1447//26 1455//26 1462//26 1450//26
f 1488//26 1466//26 1472//26 1484//26
f 1288//25 1469//25 1471//25 1333//25
f 1294//56 1415//56 1478//56 1493//56 1414//56 1316//56
f 1309//26 1488//26 1484//26 1338//26
f 1315//12 1291//53 1433//53 1434//13
f 1469//25 1482//25 1490//25 1471//25
f 1291//57 1319//57 1497//58 1498//59
f 1290//60 1294//60 1501//60 1502//60
f 1319//61 1301//61 1504//62 1497//63
f 1523//1 1284//64 1307//64 1327//64 1297//1
f 1337//65 1284//65 1523//66 1339//66 1349//65
f 1288//67 1333//67 1344//67 1339//66 1523//66
f 1484//26 1487//26 1372//26 1371//26 1338//26
f 1471//25 1475//25 1364//25 1363//25 1333//25
f 1472//26 1337//26 1361//26 1362//26 1476//26
f 1321//68 1305//69 1292//70 1322//71
f 1325//72 1320//73 1303//74 1318//75
f 1304//76 1328//77 1399//78 1406//79
f 1328//77 1293//80 1400//81 1399//78
f 1319//82 1324//83 1297//84 1301//85
f 1327//86 1329//87 1301//85 1297//84
f 1326//88 1331//89 1299//90 1302//91
f 1328//77 1332//92 1316//93 1293//80
f 1323//94 1325//72 1318//75 1304//76
f 1296//95 1317//96 1325//72 1323//94
f 1291//97 1308//98 1324//83 1319//82
f 1323//94 1304//76 1406//79 1405//99
f 1299//90 1321//68 1322//71 1302//91
f 1304//76 1318//75 1332//92 1328//77
f 1289//100 1306//101 1331//89 1326//88
f 1307//102 1290//103 1329//87 1327//86
f 1292//70 1296//95 1402//104 1401//105
f 1303//74 1320//73 1499//106 1506//107
f 1293//80 1289//100 1398//108 1400//81
f 1302//91 1322//71 1403//109 1404//110
f 1326//88 1302//91 1404//110 1397//111
f 1322//71 1292//70 1401//105 1403//109
f 1289//100 1326//88 1397//111 1398//108
f 1296//95 1323//94 1405//99 1402//104
f 1332//92 1330//112 1294//113 1316//93
f 1317//96 1295//114 1320//73 1325//72
f 1318//75 1303//74 1330//112 1332//92
f 1320//73 1295//114 1500//115 1499//106
f 1294//113 1330//112 1505//116 1501//117
f 1330//112 1303//74 1506//107 1505//116
f 1517//118 1520//118 1521//119 1518//119
f 1519//120 1522//120 1520//118 1517//118
s 0
usemtl Black
f 1492//121 1412//121 1416//121 1494//121
s 1
f 1410//5 1408//48 1424//122 1426//123
f 1429//53 1428//52 1440//124 1441//125
s 0
f 1413//121 1477//121 1479//121 1417//121
s 1
f 1417//126 1479//126 1494//126 1416//127 1420//128 1421//126
s 0
f 1477//121 1492//121 1494//121 1479//121
s 1
f 1434//13 1433//53 1437//129 1438//130
f 1502//60 1501//60 1511//60 1512//60
f 1500//10 1498//10 1508//10 1510//10
f 1503//9 1502//8 1512//131 1513//131
f 1498//59 1497//58 1507//132 1508//132
f 1497//63 1504//62 1514//133 1507//133
f 1504//24 1503//23 1513//134 1514//134
f 1406//79 1399//78 1558//135 1565//136
f 1404//110 1403//109 1562//137 1563//138
f 1403//109 1401//105 1560//139 1562//137
f 1398//108 1397//111 1556//140 1557//141
f 1505//116 1506//107 1516//142 1515//143
f 1506//107 1499//106 1509//144 1516//142
f 1499//106 1500//115 1510//145 1509//144
f 1501//117 1505//116 1515//143 1511//146
f 1399//78 1400//81 1559//147 1558//135
f 1402//104 1405//99 1564//148 1561//149
f 1405//99 1406//79 1565//136 1564//148
f 1400//81 1398//108 1557//141 1559//147
f 1401//105 1402//104 1561//149 1560//139
f 1397//111 1404//110 1563//138 1556//140
usemtl Window
f 1411//6 1410//5 1426//123 1427//6
s 0
f 1415//150 1413//150 1417//150 1419//150
f 1412//150 1414//150 1418//150 1416//150
f 1478//150 1415//150 1419//150 1480//150
s 1
f 1416//127 1418//20 1422//151 1420//128
f 1419//152 1417//152 1421//152 1423//152
f 1409//45 1411//44 1427//153 1425//154
f 1408//47 1409//45 1425//154 1424//122
f 1428//52 1430//51 1442//155 1440//124
f 1433//54 1432//54 1436//156 1437//129
f 1435//14 1434//13 1438//130 1439//157
f 1430//50 1431//19 1443//158 1442//155
f 1431//19 1429//18 1441//159 1443//158
s 0
f 1493//150 1478//150 1480//150 1495//150
s 1
f 1432//55 1435//55 1439//160 1436//156
s 0
f 1414//150 1493//150 1495//150 1418//150
s 1
f 1418//161 1495//161 1496//162 1422//151
f 1495//161 1480//161 1419//161 1423//163 1496//162
f 1426//123 1424//122 1425//154 1427//153
f 1441//159 1440//124 1442//155 1443//158
f 1421//164 1420//128 1422//151 1496//162 1423//163
f 1438//130 1437//129 1436//156 1439//160
f 1507//165 1514//166 1516//142 1509//144
f 1513//167 1512//168 1511//146 1515//143
f 1508//169 1507//165 1509//144 1510//145
f 1514//166 1513//167 1515//143 1516//142
f 1562//137 1560//139 1561//149 1564//148
f 1556//140 1563//138 1565//136 1558//135
f 1563//138 1562//137 1564//148 1565//136
f 1557//141 1556//140 1558//135 1559//147
usemtl Bumpers
f 1462//170 1465//170 1531//170 1530//170
f 1450//171 1462//171 1530//171 1525//171
f 1490//172 1491//172 1539//172 1538//172
f 1475//173 1471//173 1532//173 1534//173
f 1471//174 1490//174 1538//174 1532//174
f 1458//175 1457//175 1528//175 1529//175
f 1457//174 1449//174 1524//174 1528//174
f 1530//26 1531//26 1543//26 1542//26
f 1525//26 1530//26 1542//26 1540//26
f 1531//176 1459//176 1543//176
f 1529//25 1528//25 1546//25 1547//25
f 1528//25 1524//25 1544//25 1546//25
f 1529//177 1547//177 1456//177
f 1534//25 1532//25 1548//25 1549//25
f 1538//25 1539//25 1551//25 1550//25
f 1532//25 1538//25 1550//25 1548//25
f 1534//178 1549//178 1467//178
f 1539//179 1489//179 1551//179
f 1537//180 1555//180 1481//180
f 1476//181 1362//182 1283//183 1468//184
f 1454//185 1366//186 1285//187 1448//188
f 1491//189 1370//190 1312//191 1489//192
f 1465//193 1372//194 1310//195 1459//196
f 1345//197 1340//198 1358//199 1359//200
f 1376//201 1364//202 1287//203
f 1378//204 1368//205 1298//206 1346//206
f 1334//207 1345//197 1359//200 1351//208
f 1300//209 1341//210 1353//211 1355//212
f 1368//205 1376//201 1342//206 1298//206
f 1281//213 1347//214 1354//215 1356//216
f 1283//183 1378//204 1346//206
f 1380//217 1386//218 1353//211 1352//219
f 1386//218 1383//220 1355//212 1353//211
f 1388//221 1381//222 1356//216 1354//215
f 1383//220 1388//221 1354//215 1355//212
f 1341//210 1285//187 1352//219 1353//211
f 1365//223 1334//207 1351//208 1379//224
f 1350//225 1336//226 1357//227 1360//228
f 1347//214 1300//209 1355//212 1354//215
f 1373//229 1281//213 1356//216 1381//222
f 1340//198 1350//225 1360//228 1358//199
f 1336//226 1374//230 1382//231 1357//227
f 1374//230 1373//229 1381//222 1382//231
f 1285//187 1366//186 1380//217 1352//219
f 1366//186 1365//223 1379//224 1380//217
f 1358//199 1360//228 1387//232 1384//233
f 1384//233 1387//232 1388//221 1383//220
f 1360//228 1357//227 1382//231 1387//232
f 1387//232 1382//231 1381//222 1388//221
f 1359//200 1358//199 1384//233 1385//234
f 1385//234 1384//233 1383//220 1386//218
f 1351//208 1359//200 1385//234 1379//224
f 1379//224 1385//234 1386//218 1380//217
f 1361//235 1377//236 1378//204 1362//182
f 1339//237 1344//238 1375//239 1367//240
f 1367//240 1375//239 1376//201 1368//205
f 1349//241 1339//237 1367//240 1377//236
f 1377//236 1367//240 1368//205 1378//204
f 1344//238 1363//242 1375//239
f 1375//239 1363//242 1364//202 1376//201
f 1361//235 1349//241 1377//236
f 1287//203 1342//206 1376//201
f 1373//229 1453//243 1444//244 1281//213
f 1370//190 1458//245 1456//246 1312//191
f 1336//226 1450//247 1374//230
f 1364//202 1475//248 1467//249 1287//203
f 1372//194 1487//250 1481//251 1310//195
f 1378//204 1283//183 1362//182
f 1365//223 1366//186 1454//185 1449//252
f 1487//250 1484//253 1536//254 1537//255
f 1484//253 1472//256 1533//257 1536//254
f 1449//252 1454//185 1527//258 1524//259
f 1453//243 1450//247 1525//260 1526//261
f 1472//256 1476//181 1535//262 1533//257
f 1526//261 1525//260 1540//26 1541//263
f 1459//196 1531//264 1465//193
f 1453//243 1526//261 1444//244
f 1526//261 1541//263 1444//265
f 1524//259 1527//258 1545//266 1544//25
f 1448//188 1527//258 1454//185
f 1527//258 1448//188 1545//266
f 1449//252 1334//207 1365//223
f 1374//230 1450//247 1453//243 1373//229
f 1458//245 1529//267 1456//246
f 1475//248 1534//268 1467//249
f 1489//192 1539//269 1491//189
f 1468//184 1535//262 1476//181
f 1533//257 1535//262 1553//270 1552//26
f 1536//254 1533//257 1552//26 1554//26
f 1537//255 1536//254 1554//26 1555//271
f 1535//262 1468//184 1553//270
f 1487//250 1537//255 1481//251
usemtl Lights
f 1392//272 1396//272 1395//272 1391//272
f 1390//273 1394//273 1393//273 1389//273
usemtl Bottom
f 1473//274 1342//274 1287//274 1467//274
f 1474//274 1346//274 1298//274 1470//274
f 1464//274 1348//274 1313//274 1461//274
f 1463//274 1343//274 1312//274 1456//274
f 1461//274 1313//274 1343//274 1463//274
f 1470//274 1298//274 1342//274 1473//274
f 1459//274 1310//274 1348//274 1464//274
f 1468//274 1283//274 1346//274 1474//274
f 1281//274 1444//274 1452//274 1347//274
f 1300//274 1446//274 1451//274 1341//274
f 1341//274 1451//274 1448//274 1285//274
f 1347//274 1452//274 1446//274 1300//274
f 1444//274 1459//274 1464//274 1452//274
f 1446//274 1461//274 1463//274 1451//274
f 1451//274 1463//274 1456//274 1448//274
f 1452//274 1464//274 1461//274 1446//274
f 1481//274 1468//274 1474//274 1486//274
f 1483//274 1470//274 1473//274 1485//274
f 1486//274 1474//274 1470//274 1483//274
f 1485//274 1473//274 1467//274 1489//274
f 1343//274 1485//274 1489//274 1312//274
f 1348//274 1486//274 1483//274 1313//274
f 1313//274 1483//274 1485//274 1343//274
f 1310//274 1481//274 1486//274 1348//274
usemtl Tires
f 1//275 2//276 4//277 3//278
f 3//278 4//277 6//279 5//280
f 5//280 6//279 8//281 7//282
f 7//282 8//281 10//283 9//284
f 9//284 10//283 12//285 11//286
f 11//286 12//285 14//287 13//288
f 13//288 14//287 16//289 15//290
f 15//290 16//289 18//291 17//292
f 17//292 18//291 20//293 19//294
f 19//294 20//293 22//295 21//296
f 21//296 22//295 24//297 23//298
f 23//298 24//297 26//299 25//300
f 25//300 26//299 28//301 27//302
f 27//302 28//301 30//303 29//304
f 29//304 30//303 32//305 31//306
f 31//306 32//305 34//307 33//308
f 33//308 34//307 36//309 35//310
f 35//310 36//309 38//311 37//312
f 37//312 38//311 40//313 39//314
f 39//314 40//313 42//315 41//316
f 41//316 42//315 44//317 43//318
f 43//318 44//317 46//319 45//320
f 45//320 46//319 48//321 47//322
f 47//322 48//321 50//323 49//324
f 49//324 50//323 52//325 51//326
f 51//326 52//325 54//327 53//328
f 53//328 54//327 56//329 55//330
f 55//330 56//329 58//331 57//332
f 57//332 58//331 60//333 59//334
f 59//334 60//333 62//335 61//336
f 48//321 46//319 110//337 112//338
f 61//336 62//335 64//339 63//340
f 63//340 64//339 2//276 1//275
f 63//340 1//275 65//341 127//342
f 92//343 90//344 173//345 174//346
f 117//347 119//348 156//349 155//350
f 11//286 13//288 77//351 75//352
f 2//276 64//339 128//353 68//354
f 29//304 31//306 95//355 93//356
f 14//287 12//285 76//357 78//358
f 47//322 49//324 113//359 111//360
f 32//305 30//303 94//361 96//362
f 50//323 48//321 112//338 114//363
f 13//288 15//290 79//364 77//351
f 31//306 33//308 97//365 95//355
f 16//289 14//287 78//358 80//366
f 49//324 51//326 115//367 113//359
f 34//307 32//305 96//362 98//368
f 52//325 50//323 114//363 116//369
f 15//290 17//292 81//370 79//364
f 33//308 35//310 99//371 97//365
f 18//291 16//289 80//366 82//372
f 51//326 53//328 117//347 115//367
f 36//309 34//307 98//368 100//373
f 54//327 52//325 116//369 118//374
f 17//292 19//294 83//375 81//370
f 35//310 37//312 101//376 99//371
f 20//293 18//291 82//372 84//377
f 1//275 3//278 66//378 65//341
f 53//328 55//330 119//348 117//347
f 38//311 36//309 100//373 102//379
f 4//277 2//276 68//354 67//380
f 56//329 54//327 118//374 120//381
f 19//294 21//296 85//382 83//375
f 37//312 39//314 103//383 101//376
f 22//295 20//293 84//377 86//384
f 55//330 57//332 121//385 119//348
f 40//313 38//311 102//379 104//386
f 3//278 5//280 69//387 66//378
f 58//331 56//329 120//381 122//388
f 21//296 23//298 87//389 85//382
f 6//279 4//277 67//380 70//390
f 39//314 41//316 105//391 103//383
f 24//297 22//295 86//384 88//392
f 57//332 59//334 123//393 121//385
f 42//315 40//313 104//386 106//394
f 5//280 7//282 71//395 69//387
f 60//333 58//331 122//388 124//396
f 23//298 25//300 89//397 87//389
f 8//281 6//279 70//390 72//398
f 41//316 43//318 107//399 105//391
f 26//299 24//297 88//392 90//344
f 59//334 61//336 125//400 123//393
f 44//317 42//315 106//394 108//401
f 7//282 9//284 73//402 71//395
f 62//335 60//333 124//396 126//403
f 25//300 27//302 91//404 89//397
f 10//283 8//281 72//398 74//405
f 43//318 45//320 109//406 107//399
f 28//301 26//299 90//344 92//343
f 61//336 63//340 127//342 125//400
f 46//319 44//317 108//401 110//337
f 9//284 11//286 75//352 73//402
f 64//339 62//335 126//403 128//353
f 27//302 29//304 93//356 91//404
f 12//285 10//283 74//405 76//357
f 45//320 47//322 111//360 109//406
f 30//303 28//301 92//343 94//361
f 178//407 177//408 241//409 242//410
f 77//351 79//364 136//411 135//412
f 91//404 93//356 143//413 142//414
f 105//391 107//399 150//415 149//416
f 65//341 66//378 130//417 129//418
f 119//348 121//385 157//419 156//349
f 79//364 81//370 137//420 136//411
f 93//356 95//355 144//421 143//413
f 107//399 109//406 151//422 150//415
f 66//378 69//387 131//423 130//417
f 121//385 123//393 158//424 157//419
f 81//370 83//375 138//425 137//420
f 95//355 97//365 145//426 144//421
f 109//406 111//360 152//427 151//422
f 69//387 71//395 132//428 131//423
f 123//393 125//400 159//429 158//424
f 83//375 85//382 139//430 138//425
f 97//365 99//371 146//431 145//426
f 111//360 113//359 153//432 152//427
f 71//395 73//402 133//433 132//428
f 125//400 127//342 160//434 159//429
f 85//382 87//389 140//435 139//430
f 99//371 101//376 147//436 146//431
f 113//359 115//367 154//437 153//432
f 73//402 75//352 134//438 133//433
f 127//342 65//341 129//418 160//434
f 87//389 89//397 141//439 140//435
f 101//376 103//383 148//440 147//436
f 115//367 117//347 155//350 154//437
f 75//352 77//351 135//412 134//438
f 89//397 91//404 142//414 141//439
f 103//383 105//391 149//416 148//440
f 130//417 131//423 195//441 194//442
f 106//394 104//386 180//443 181//444
f 120//381 118//374 187//445 188//446
f 80//366 78//358 167//447 168//448
f 94//361 92//343 174//346 175//449
f 108//401 106//394 181//444 182//450
f 67//380 68//354 162//451 161//452
f 122//388 120//381 188//446 189//453
f 82//372 80//366 168//448 169//454
f 96//362 94//361 175//449 176//455
f 110//337 108//401 182//450 183//456
f 70//390 67//380 161//452 163//457
f 124//396 122//388 189//453 190//458
f 84//377 82//372 169//454 170//459
f 98//368 96//362 176//455 177//408
f 112//338 110//337 183//456 184//460
f 72//398 70//390 163//457 164//461
f 126//403 124//396 190//458 191//462
f 86//384 84//377 170//459 171//463
f 100//373 98//368 177//408 178//407
f 114//363 112//338 184//460 185//464
f 74//405 72//398 164//461 165//465
f 128//353 126//403 191//462 192//466
f 88//392 86//384 171//463 172//467
f 102//379 100//373 178//407 179//468
f 116//369 114//363 185//464 186//469
f 76//357 74//405 165//465 166//470
f 68//354 128//353 192//466 162//451
f 90//344 88//392 172//467 173//345
f 104//386 102//379 179//468 180//443
f 118//374 116//369 186//469 187//445
f 78//358 76//357 166//470 167//447
f 157//419 158//424 222//471 221//472
f 131//423 132//428 196//473 195//441
f 179//468 178//407 242//410 243//474
f 158//424 159//429 223//475 222//471
f 132//428 133//433 197//476 196//473
f 180//443 179//468 243//474 244//477
f 159//429 160//434 224//478 223//475
f 133//433 134//438 198//479 197//476
f 181//444 180//443 244//477 245//480
f 160//434 129//418 193//481 224//478
f 134//438 135//412 199//482 198//479
f 182//450 181//444 245//480 246//483
f 135//412 136//411 200//484 199//482
f 183//456 182//450 246//483 247//485
f 136//411 137//420 201//486 200//484
f 184//460 183//456 247//485 248//487
f 137//420 138//425 202//488 201//486
f 185//464 184//460 248//487 249//489
f 138//425 139//430 203//490 202//488
f 186//469 185//464 249//489 250//491
f 139//430 140//435 204//492 203//490
f 187//445 186//469 250//491 251//493
f 140//435 141//439 205//494 204//492
f 188//446 187//445 251//493 252//495
f 161//452 162//451 226//496 225//497
f 141//439 142//414 206//498 205//494
f 189//453 188//446 252//495 253//499
f 163//457 161//452 225//497 227//500
f 142//414 143//413 207//501 206//498
f 190//458 189//453 253//499 254//502
f 164//461 163//457 227//500 228//503
f 143//413 144//421 208//504 207//501
f 191//462 190//458 254//502 255//505
f 165//465 164//461 228//503 229//506
f 144//421 145//426 209//507 208//504
f 192//466 191//462 255//505 256//508
f 166//470 165//465 229//506 230//509
f 145//426 146//431 210//510 209//507
f 162//451 192//466 256//508 226//496
f 167//447 166//470 230//509 231//511
f 146//431 147//436 211//512 210//510
f 168//448 167//447 231//511 232//513
f 147//436 148//440 212//514 211//512
f 169//454 168//448 232//513 233//515
f 148//440 149//416 213//516 212//514
f 170//459 169//454 233//515 234//517
f 149//416 150//415 214//518 213//516
f 171//463 170//459 234//517 235//519
f 150//415 151//422 215//520 214//518
f 172//467 171//463 235//519 236//521
f 151//422 152//427 216//522 215//520
f 173//345 172//467 236//521 237//523
f 152//427 153//432 217//524 216//522
f 174//346 173//345 237//523 238//525
f 153//432 154//437 218//526 217//524
f 175//449 174//346 238//525 239//527
f 154//437 155//350 219//528 218//526
f 176//455 175//449 239//527 240//529
f 155//350 156//349 220//530 219//528
f 129//418 130//417 194//442 193//481
f 177//408 176//455 240//529 241//409
f 156//349 157//419 221//472 220//530
f 321//275 322//276 324//277 323//278
f 323//278 324//277 326//279 325//280
f 325//280 326//279 328//281 327//282
f 327//282 328//281 330//283 329//284
f 329//284 330//283 332//285 331//286
f 331//286 332//285 334//287 333//288
f 333//288 334//287 336//289 335//290
f 335//290 336//289 338//291 337//292
f 337//292 338//291 340//293 339//294
f 339//294 340//293 342//295 341//296
f 341//296 342//295 344//297 343//298
f 343//298 344//297 346//299 345//300
f 345//300 346//299 348//301 347//302
f 347//302 348//301 350//303 349//304
f 349//304 350//303 352//305 351//306
f 351//306 352//305 354//307 353//308
f 353//308 354//307 356//309 355//310
f 355//310 356//309 358//311 357//312
f 357//312 358//311 360//313 359//314
f 359//314 360//313 362//315 361//316
f 361//316 362//315 364//317 363//318
f 363//318 364//317 366//319 365//320
f 365//320 366//319 368//321 367//322
f 367//322 368//321 370//323 369//324
f 369//324 370//323 372//325 371//326
f 371//326 372//325 374//327 373//328
f 373//328 374//327 376//329 375//330
f 375//330 376//329 378//331 377//332
f 377//332 378//331 380//333 379//334
f 379//334 380//333 382//335 381//336
f 368//321 366//319 430//337 432//338
f 381//336 382//335 384//339 383//340
f 383//340 384//339 322//276 321//275
f 383//340 321//275 385//341 447//342
f 412//343 410//344 493//345 494//346
f 437//347 439//348 476//349 475//350
f 331//286 333//288 397//351 395//352
f 322//276 384//339 448//353 388//354
f 349//304 351//306 415//355 413//356
f 334//287 332//285 396//357 398//358
f 367//322 369//324 433//359 431//360
f 352//305 350//303 414//361 416//362
f 370//323 368//321 432//338 434//363
f 333//288 335//290 399//364 397//351
f 351//306 353//308 417//365 415//355
f 336//289 334//287 398//358 400//366
f 369//324 371//326 435//367 433//359
f 354//307 352//305 416//362 418//368
f 372//325 370//323 434//363 436//369
f 335//290 337//292 401//370 399//364
f 353//308 355//310 419//371 417//365
f 338//291 336//289 400//366 402//372
f 371//326 373//328 437//347 435//367
f 356//309 354//307 418//368 420//373
f 374//327 372//325 436//369 438//374
f 337//292 339//294 403//375 401//370
f 355//310 357//312 421//376 419//371
f 340//293 338//291 402//372 404//377
f 321//275 323//278 386//378 385//341
f 373//328 375//330 439//348 437//347
f 358//311 356//309 420//373 422//379
f 324//277 322//276 388//354 387//380
f 376//329 374//327 438//374 440//381
f 339//294 341//296 405//382 403//375
f 357//312 359//314 423//383 421//376
f 342//295 340//293 404//377 406//384
f 375//330 377//332 441//385 439//348
f 360//313 358//311 422//379 424//386
f 323//278 325//280 389//387 386//378
f 378//331 376//329 440//381 442//388
f 341//296 343//298 407//389 405//382
f 326//279 324//277 387//380 390//390
f 359//314 361//316 425//391 423//383
f 344//297 342//295 406//384 408//392
f 377//332 379//334 443//393 441//385
f 362//315 360//313 424//386 426//394
f 325//280 327//282 391//395 389//387
f 380//333 378//331 442//388 444//396
f 343//298 345//300 409//397 407//389
f 328//281 326//279 390//390 392//398
f 361//316 363//318 427//399 425//391
f 346//299 344//297 408//392 410//344
f 379//334 381//336 445//400 443//393
f 364//317 362//315 426//394 428//401
f 327//282 329//284 393//402 391//395
f 382//335 380//333 444//396 446//403
f 345//300 347//302 411//404 409//397
f 330//283 328//281 392//398 394//405
f 363//318 365//320 429//406 427//399
f 348//301 346//299 410//344 412//343
f 381//336 383//340 447//342 445//400
f 366//319 364//317 428//401 430//337
f 329//284 331//286 395//352 393//402
f 384//339 382//335 446//403 448//353
f 347//302 349//304 413//356 411//404
f 332//285 330//283 394//405 396//357
f 365//320 367//322 431//360 429//406
f 350//303 348//301 412//343 414//361
f 498//407 497//408 561//409 562//410
f 397//351 399//364 456//411 455//412
f 411//404 413//356 463//413 462//414
f 425//391 427//399 470//415 469//416
f 385//341 386//378 450//417 449//418
f 439//348 441//385 477//419 476//349
f 399//364 401//370 457//420 456//411
f 413//356 415//355 464//421 463//413
f 427//399 429//406 471//422 470//415
f 386//378 389//387 451//423 450//417
f 441//385 443//393 478//424 477//419
f 401//370 403//375 458//425 457//420
f 415//355 417//365 465//426 464//421
f 429//406 431//360 472//427 471//422
f 389//387 391//395 452//428 451//423
f 443//393 445//400 479//429 478//424
f 403//375 405//382 459//430 458//425
f 417//365 419//371 466//431 465//426
f 431//360 433//359 473//432 472//427
f 391//395 393//402 453//433 452//428
f 445//400 447//342 480//434 479//429
f 405//382 407//389 460//435 459//430
f 419//371 421//376 467//436 466//431
f 433//359 435//367 474//437 473//432
f 393//402 395//352 454//438 453//433
f 447//342 385//341 449//418 480//434
f 407//389 409//397 461//439 460//435
f 421//376 423//383 468//440 467//436
f 435//367 437//347 475//350 474//437
f 395//352 397//351 455//412 454//438
f 409//397 411//404 462//414 461//439
f 423//383 425//391 469//416 468//440
f 450//417 451//423 515//441 514//442
f 426//394 424//386 500//443 501//444
f 440//381 438//374 507//445 508//446
f 400//366 398//358 487//447 488//448
f 414//361 412//343 494//346 495//449
f 428//401 426//394 501//444 502//450
f 387//380 388//354 482//451 481//452
f 442//388 440//381 508//446 509//453
f 402//372 400//366 488//448 489//454
f 416//362 414//361 495//449 496//455
f 430//337 428//401 502//450 503//456
f 390//390 387//380 481//452 483//457
f 444//396 442//388 509//453 510//458
f 404//377 402//372 489//454 490//459
f 418//368 416//362 496//455 497//408
f 432//338 430//337 503//456 504//460
f 392//398 390//390 483//457 484//461
f 446//403 444//396 510//458 511//462
f 406//384 404//377 490//459 491//463
f 420//373 418//368 497//408 498//407
f 434//363 432//338 504//460 505//464
f 394//405 392//398 484//461 485//465
f 448//353 446//403 511//462 512//466
f 408//392 406//384 491//463 492//467
f 422//379 420//373 498//407 499//468
f 436//369 434//363 505//464 506//469
f 396//357 394//405 485//465 486//470
f 388//354 448//353 512//466 482//451
f 410//344 408//392 492//467 493//345
f 424//386 422//379 499//468 500//443
f 438//374 436//369 506//469 507//445
f 398//358 396//357 486//470 487//447
f 477//419 478//424 542//471 541//472
f 451//423 452//428 516//473 515//441
f 499//468 498//407 562//410 563//474
f 478//424 479//429 543//475 542//471
f 452//428 453//433 517//476 516//473
f 500//443 499//468 563//474 564//477
f 479//429 480//434 544//478 543//475
f 453//433 454//438 518//479 517//476
f 501//444 500//443 564//477 565//480
f 480//434 449//418 513//481 544//478
f 454//438 455//412 519//482 518//479
f 502//450 501//444 565//480 566//483
f 455//412 456//411 520//484 519//482
f 503//456 502//450 566//483 567//485
f 456//411 457//420 521//486 520//484
f 504//460 503//456 567//485 568//487
f 457//420 458//425 522//488 521//486
f 505//464 504//460 568//487 569//489
f 458//425 459//430 523//490 522//488
f 506//469 505//464 569//489 570//531
f 459//430 460//435 524//492 523//490
f 507//445 506//469 570//531 571//493
f 460//435 461//439 525//494 524//492
f 508//446 507//445 571//493 572//495
f 481//452 482//451 546//496 545//497
f 461//439 462//414 526//498 525//494
f 509//453 508//446 572//495 573//499
f 483//457 481//452 545//497 547//500
f 462//414 463//413 527//501 526//498
f 510//458 509//453 573//499 574//532
f 484//461 483//457 547//500 548//503
f 463//413 464//421 528//504 527//501
f 511//462 510//458 574//532 575//505
f 485//465 484//461 548//503 549//506
f 464//421 465//426 529//507 528//504
f 512//466 511//462 575//505 576//508
f 486//470 485//465 549//506 550//509
f 465//426 466//431 530//510 529//507
f 482//451 512//466 576//508 546//496
f 487//447 486//470 550//509 551//511
f 466//431 467//436 531//512 530//510
f 488//448 487//447 551//511 552//513
f 467//436 468//440 532//514 531//512
f 489//454 488//448 552//513 553//515
f 468//440 469//416 533//516 532//514
f 490//459 489//454 553//515 554//517
f 469//416 470//415 534//518 533//516
f 491//463 490//459 554//517 555//519
f 470//415 471//422 535//520 534//518
f 492//467 491//463 555//519 556//521
f 471//422 472//427 536//522 535//520
f 493//345 492//467 556//521 557//523
f 472//427 473//432 537//524 536//522
f 494//346 493//345 557//523 558//525
f 473//432 474//437 538//533 537//524
f 495//449 494//346 558//525 559//527
f 474//437 475//350 539//528 538//533
f 496//455 495//449 559//527 560//529
f 475//350 476//349 540//530 539//528
f 449//418 450//417 514//442 513//481
f 497//408 496//455 560//529 561//409
f 476//349 477//419 541//472 540//530
f 641//275 642//276 644//277 643//278
f 643//278 644//277 646//279 645//280
f 645//280 646//279 648//281 647//282
f 647//282 648//281 650//283 649//284
f 649//284 650//283 652//285 651//286
f 651//286 652//285 654//287 653//288
f 653//288 654//287 656//289 655//290
f 655//290 656//289 658//291 657//292
f 657//292 658//291 660//293 659//294
f 659//294 660//293 662//295 661//296
f 661//296 662//295 664//297 663//298
f 663//298 664//297 666//299 665//300
f 665//300 666//299 668//301 667//302
f 667//302 668//301 670//303 669//304
f 669//304 670//303 672//305 671//306
f 671//306 672//305 674//307 673//308
f 673//308 674//307 676//309 675//310
f 675//310 676//309 678//311 677//312
f 677//312 678//311 680//313 679//314
f 679//314 680//313 682//315 681//316
f 681//316 682//315 684//317 683//318
f 683//318 684//317 686//319 685//320
f 685//320 686//319 688//321 687//322
f 687//322 688//321 690//323 689//324
f 689//324 690//323 692//325 691//326
f 691//326 692//325 694//327 693//328
f 693//328 694//327 696//329 695//330
f 695//330 696//329 698//331 697//332
f 697//332 698//331 700//333 699//334
f 699//334 700//333 702//335 701//336
f 688//321 686//319 750//337 752//338
f 701//336 702//335 704//339 703//340
f 703//340 704//339 642//276 641//275
f 703//340 641//275 705//341 767//342
f 732//343 730//344 813//345 814//346
f 757//347 759//348 796//349 795//350
f 651//286 653//288 717//351 715//352
f 642//276 704//339 768//353 708//354
f 669//304 671//306 735//355 733//356
f 654//287 652//285 716//357 718//358
f 687//322 689//324 753//359 751//360
f 672//305 670//303 734//361 736//362
f 690//323 688//321 752//338 754//363
f 653//288 655//290 719//364 717//351
f 671//306 673//308 737//365 735//355
f 656//289 654//287 718//358 720//366
f 689//324 691//326 755//367 753//359
f 674//307 672//305 736//362 738//368
f 692//325 690//323 754//363 756//369
f 655//290 657//292 721//370 719//364
f 673//308 675//310 739//371 737//365
f 658//291 656//289 720//366 722//372
f 691//326 693//328 757//347 755//367
f 676//309 674//307 738//368 740//373
f 694//327 692//325 756//369 758//374
f 657//292 659//294 723//375 721//370
f 675//310 677//312 741//376 739//371
f 660//293 658//291 722//372 724//377
f 641//275 643//278 706//378 705//341
f 693//328 695//330 759//348 757//347
f 678//311 676//309 740//373 742//379
f 644//277 642//276 708//354 707//380
f 696//329 694//327 758//374 760//381
f 659//294 661//296 725//382 723//375
f 677//312 679//314 743//383 741//376
f 662//295 660//293 724//377 726//384
f 695//330 697//332 761//385 759//348
f 680//313 678//311 742//379 744//386
f 643//278 645//280 709//387 706//378
f 698//331 696//329 760//381 762//388
f 661//296 663//298 727//389 725//382
f 646//279 644//277 707//380 710//390
f 679//314 681//316 745//391 743//383
f 664//297 662//295 726//384 728//392
f 697//332 699//334 763//393 761//385
f 682//315 680//313 744//386 746//394
f 645//280 647//282 711//395 709//387
f 700//333 698//331 762//388 764//396
f 663//298 665//300 729//397 727//389
f 648//281 646//279 710//390 712//398
f 681//316 683//318 747//399 745//391
f 666//299 664//297 728//392 730//344
f 699//334 701//336 765//400 763//393
f 684//317 682//315 746//394 748//401
f 647//282 649//284 713//402 711//395
f 702//335 700//333 764//396 766//403
f 665//300 667//302 731//404 729//397
f 650//283 648//281 712//398 714//405
f 683//318 685//320 749//406 747//399
f 668//301 666//299 730//344 732//343
f 701//336 703//340 767//342 765//400
f 686//319 684//317 748//401 750//337
f 649//284 651//286 715//352 713//402
f 704//339 702//335 766//403 768//353
f 667//302 669//304 733//356 731//404
f 652//285 650//283 714//405 716//357
f 685//320 687//322 751//360 749//406
f 670//303 668//301 732//343 734//361
f 818//407 817//408 881//409 882//410
f 717//351 719//364 776//411 775//412
f 731//404 733//356 783//413 782//414
f 745//391 747//399 790//415 789//416
f 705//341 706//378 770//417 769//418
f 759//348 761//385 797//419 796//349
f 719//364 721//370 777//420 776//411
f 733//356 735//355 784//421 783//413
f 747//399 749//406 791//422 790//415
f 706//378 709//387 771//423 770//417
f 761//385 763//393 798//424 797//419
f 721//370 723//375 778//425 777//420
f 735//355 737//365 785//426 784//421
f 749//406 751//360 792//427 791//422
f 709//387 711//395 772//428 771//423
f 763//393 765//400 799//429 798//424
f 723//375 725//382 779//430 778//425
f 737//365 739//371 786//431 785//426
f 751//360 753//359 793//432 792//427
f 711//395 713//402 773//433 772//428
f 765//400 767//342 800//434 799//429
f 725//382 727//389 780//435 779//430
f 739//371 741//376 787//436 786//431
f 753//359 755//367 794//437 793//432
f 713//402 715//352 774//438 773//433
f 767//342 705//341 769//418 800//434
f 727//389 729//397 781//439 780//435
f 741//376 743//383 788//440 787//436
f 755//367 757//347 795//350 794//437
f 715//352 717//351 775//412 774//438
f 729//397 731//404 782//414 781//439
f 743//383 745//391 789//416 788//440
f 770//417 771//423 835//441 834//442
f 746//394 744//386 820//443 821//444
f 760//381 758//374 827//445 828//446
f 720//366 718//358 807//447 808//448
f 734//361 732//343 814//346 815//449
f 748//401 746//394 821//444 822//450
f 707//380 708//354 802//451 801//452
f 762//388 760//381 828//446 829//453
f 722//372 720//366 808//448 809//454
f 736//362 734//361 815//449 816//455
f 750//337 748//401 822//450 823//456
f 710//390 707//380 801//452 803//457
f 764//396 762//388 829//453 830//458
f 724//377 722//372 809//454 810//459
f 738//368 736//362 816//455 817//408
f 752//338 750//337 823//456 824//460
f 712//398 710//390 803//457 804//461
f 766//403 764//396 830//458 831//462
f 726//384 724//377 810//459 811//463
f 740//373 738//368 817//408 818//407
f 754//363 752//338 824//460 825//464
f 714//405 712//398 804//461 805//465
f 768//353 766//403 831//462 832//466
f 728//392 726//384 811//463 812//467
f 742//379 740//373 818//407 819//468
f 756//369 754//363 825//464 826//469
f 716//357 714//405 805//465 806//470
f 708//354 768//353 832//466 802//451
f 730//344 728//392 812//467 813//345
f 744//386 742//379 819//468 820//443
f 758//374 756//369 826//469 827//445
f 718//358 716//357 806//470 807//447
f 797//419 798//424 862//471 861//472
f 771//423 772//428 836//473 835//441
f 819//468 818//407 882//410 883//474
f 798//424 799//429 863//475 862//471
f 772//428 773//433 837//476 836//473
f 820//443 819//468 883//474 884//477
f 799//429 800//434 864//478 863//475
f 773//433 774//438 838//479 837//476
f 821//444 820//443 884//477 885//480
f 800//434 769//418 833//481 864//478
f 774//438 775//412 839//482 838//479
f 822//450 821//444 885//480 886//483
f 775//412 776//411 840//484 839//482
f 823//456 822//450 886//483 887//485
f 776//411 777//420 841//486 840//484
f 824//460 823//456 887//485 888//487
f 777//420 778//425 842//488 841//486
f 825//464 824//460 888//487 889//489
f 778//425 779//430 843//490 842//488
f 826//469 825//464 889//489 890//531
f 779//430 780//435 844//492 843//490
f 827//445 826//469 890//531 891//493
f 780//435 781//439 845//494 844//492
f 828//446 827//445 891//493 892//495
f 801//452 802//451 866//496 865//497
f 781//439 782//414 846//498 845//494
f 829//453 828//446 892//495 893//499
f 803//457 801//452 865//497 867//500
f 782//414 783//413 847//501 846//498
f 830//458 829//453 893//499 894//532
f 804//461 803//457 867//500 868//503
f 783//413 784//421 848//504 847//501
f 831//462 830//458 894//532 895//505
f 805//465 804//461 868//503 869//506
f 784//421 785//426 849//507 848//504
f 832//466 831//462 895//505 896//508
f 806//470 805//465 869//506 870//509
f 785//426 786//431 850//510 849//507
f 802//451 832//466 896//508 866//496
f 807//447 806//470 870//509 871//511
f 786//431 787//436 851//512 850//510
f 808//448 807//447 871//511 872//513
f 787//436 788//440 852//514 851//512
f 809//454 808//448 872//513 873//515
f 788//440 789//416 853//516 852//514
f 810//459 809//454 873//515 874//517
f 789//416 790//415 854//518 853//516
f 811//463 810//459 874//517 875//519
f 790//415 791//422 855//520 854//518
f 812//467 811//463 875//519 876//521
f 791//422 792//427 856//522 855//520
f 813//345 812//467 876//521 877//523
f 792//427 793//432 857//524 856//522
f 814//346 813//345 877//523 878//525
f 793//432 794//437 858//533 857//524
f 815//449 814//346 878//525 879//527
f 794//437 795//350 859//528 858//533
f 816//455 815//449 879//527 880//529
f 795//350 796//349 860//530 859//528
f 769//418 770//417 834//442 833//481
f 817//408 816//455 880//529 881//409
f 796//349 797//419 861//472 860//530
f 961//275 962//276 964//277 963//278
f 963//278 964//277 966//279 965//280
f 965//280 966//279 968//281 967//282
f 967//282 968//281 970//283 969//284
f 969//284 970//283 972//285 971//286
f 971//286 972//285 974//287 973//288
f 973//288 974//287 976//289 975//290
f 975//290 976//289 978//291 977//292
f 977//292 978//291 980//293 979//294
f 979//294 980//293 982//295 981//296
f 981//296 982//295 984//297 983//298
f 983//298 984//297 986//299 985//300
f 985//300 986//299 988//301 987//302
f 987//302 988//301 990//303 989//304
f 989//304 990//303 992//305 991//306
f 991//306 992//305 994//307 993//308
f 993//308 994//307 996//309 995//310
f 995//310 996//309 998//311 997//312
f 997//312 998//311 1000//313 999//314
f 999//314 1000//313 1002//315 1001//316
f 1001//316 1002//315 1004//317 1003//318
f 1003//318 1004//317 1006//319 1005//320
f 1005//320 1006//319 1008//321 1007//322
f 1007//322 1008//321 1010//323 1009//324
f 1009//324 1010//323 1012//325 1011//326
f 1011//326 1012//325 1014//327 1013//328
f 1013//328 1014//327 1016//329 1015//330
f 1015//330 1016//329 1018//331 1017//332
f 1017//332 1018//331 1020//333 1019//334
f 1019//334 1020//333 1022//335 1021//336
f 1008//321 1006//319 1070//337 1072//338
f 1021//336 1022//335 1024//339 1023//340
f 1023//340 1024//339 962//276 961//275
f 1023//340 961//275 1025//341 1087//342
f 1052//343 1050//344 1133//345 1134//346
f 1077//347 1079//348 1116//349 1115//350
f 971//286 973//288 1037//351 1035//352
f 962//276 1024//339 1088//353 1028//354
f 989//304 991//306 1055//355 1053//356
f 974//287 972//285 1036//357 1038//358
f 1007//322 1009//324 1073//359 1071//360
f 992//305 990//303 1054//361 1056//362
f 1010//323 1008//321 1072//338 1074//363
f 973//288 975//290 1039//364 1037//351
f 991//306 993//308 1057//365 1055//355
f 976//289 974//287 1038//358 1040//366
f 1009//324 1011//326 1075//367 1073//359
f 994//307 992//305 1056//362 1058//368
f 1012//325 1010//323 1074//363 1076//369
f 975//290 977//292 1041//370 1039//364
f 993//308 995//310 1059//371 1057//365
f 978//291 976//289 1040//366 1042//372
f 1011//326 1013//328 1077//347 1075//367
f 996//309 994//307 1058//368 1060//373
f 1014//327 1012//325 1076//369 1078//374
f 977//292 979//294 1043//375 1041//370
f 995//310 997//312 1061//376 1059//371
f 980//293 978//291 1042//372 1044//377
f 961//275 963//278 1026//378 1025//341
f 1013//328 1015//330 1079//348 1077//347
f 998//311 996//309 1060//373 1062//379
f 964//277 962//276 1028//354 1027//380
f 1016//329 1014//327 1078//374 1080//381
f 979//294 981//296 1045//382 1043//375
f 997//312 999//314 1063//383 1061//376
f 982//295 980//293 1044//377 1046//384
f 1015//330 1017//332 1081//385 1079//348
f 1000//313 998//311 1062//379 1064//386
f 963//278 965//280 1029//387 1026//378
f 1018//331 1016//329 1080//381 1082//388
f 981//296 983//298 1047//389 1045//382
f 966//279 964//277 1027//380 1030//390
f 999//314 1001//316 1065//391 1063//383
f 984//297 982//295 1046//384 1048//392
f 1017//332 1019//334 1083//393 1081//385
f 1002//315 1000//313 1064//386 1066//394
f 965//280 967//282 1031//395 1029//387
f 1020//333 1018//331 1082//388 1084//396
f 983//298 985//300 1049//397 1047//389
f 968//281 966//279 1030//390 1032//398
f 1001//316 1003//318 1067//399 1065//391
f 986//299 984//297 1048//392 1050//344
f 1019//334 1021//336 1085//400 1083//393
f 1004//317 1002//315 1066//394 1068//401
f 967//282 969//284 1033//402 1031//395
f 1022//335 1020//333 1084//396 1086//403
f 985//300 987//302 1051//404 1049//397
f 970//283 968//281 1032//398 1034//405
f 1003//318 1005//320 1069//406 1067//399
f 988//301 986//299 1050//344 1052//343
f 1021//336 1023//340 1087//342 1085//400
f 1006//319 1004//317 1068//401 1070//337
f 969//284 971//286 1035//352 1033//402
f 1024//339 1022//335 1086//403 1088//353
f 987//302 989//304 1053//356 1051//404
f 972//285 970//283 1034//405 1036//357
f 1005//320 1007//322 1071//360 1069//406
f 990//303 988//301 1052//343 1054//361
f 1138//407 1137//408 1201//409 1202//410
f 1037//351 1039//364 1096//411 1095//412
f 1051//404 1053//356 1103//413 1102//414
f 1065//391 1067//399 1110//415 1109//416
f 1025//341 1026//378 1090//417 1089//418
f 1079//348 1081//385 1117//419 1116//349
f 1039//364 1041//370 1097//420 1096//411
f 1053//356 1055//355 1104//421 1103//413
f 1067//399 1069//406 1111//422 1110//415
f 1026//378 1029//387 1091//423 1090//417
f 1081//385 1083//393 1118//424 1117//419
f 1041//370 1043//375 1098//425 1097//420
f 1055//355 1057//365 1105//426 1104//421
f 1069//406 1071//360 1112//427 1111//422
f 1029//387 1031//395 1092//428 1091//423
f 1083//393 1085//400 1119//429 1118//424
f 1043//375 1045//382 1099//430 1098//425
f 1057//365 1059//371 1106//431 1105//426
f 1071//360 1073//359 1113//432 1112//427
f 1031//395 1033//402 1093//433 1092//428
f 1085//400 1087//342 1120//434 1119//429
f 1045//382 1047//389 1100//435 1099//430
f 1059//371 1061//376 1107//436 1106//431
f 1073//359 1075//367 1114//437 1113//432
f 1033//402 1035//352 1094//438 1093//433
f 1087//342 1025//341 1089//418 1120//434
f 1047//389 1049//397 1101//439 1100//435
f 1061//376 1063//383 1108//440 1107//436
f 1075//367 1077//347 1115//350 1114//437
f 1035//352 1037//351 1095//412 1094//438
f 1049//397 1051//404 1102//414 1101//439
f 1063//383 1065//391 1109//416 1108//440
f 1090//417 1091//423 1155//441 1154//442
f 1066//394 1064//386 1140//443 1141//444
f 1080//381 1078//374 1147//445 1148//446
f 1040//366 1038//358 1127//447 1128//448
f 1054//361 1052//343 1134//346 1135//449
f 1068//401 1066//394 1141//444 1142//450
f 1027//380 1028//354 1122//451 1121//452
f 1082//388 1080//381 1148//446 1149//453
f 1042//372 1040//366 1128//448 1129//454
f 1056//362 1054//361 1135//449 1136//455
f 1070//337 1068//401 1142//450 1143//456
f 1030//390 1027//380 1121//452 1123//457
f 1084//396 1082//388 1149//453 1150//458
f 1044//377 1042//372 1129//454 1130//459
f 1058//368 1056//362 1136//455 1137//408
f 1072//338 1070//337 1143//456 1144//460
f 1032//398 1030//390 1123//457 1124//461
f 1086//403 1084//396 1150//458 1151//462
f 1046//384 1044//377 1130//459 1131//463
f 1060//373 1058//368 1137//408 1138//407
f 1074//363 1072//338 1144//460 1145//464
f 1034//405 1032//398 1124//461 1125//465
f 1088//353 1086//403 1151//462 1152//466
f 1048//392 1046//384 1131//463 1132//467
f 1062//379 1060//373 1138//407 1139//468
f 1076//369 1074//363 1145//464 1146//469
f 1036//357 1034//405 1125//465 1126//470
f 1028//354 1088//353 1152//466 1122//451
f 1050//344 1048//392 1132//467 1133//345
f 1064//386 1062//379 1139//468 1140//443
f 1078//374 1076//369 1146//469 1147//445
f 1038//358 1036//357 1126//470 1127//447
f 1117//419 1118//424 1182//471 1181//472
f 1091//423 1092//428 1156//473 1155//441
f 1139//468 1138//407 1202//410 1203//474
f 1118//424 1119//429 1183//475 1182//471
f 1092//428 1093//433 1157//476 1156//473
f 1140//443 1139//468 1203//474 1204//477
f 1119//429 1120//434 1184//478 1183//475
f 1093//433 1094//438 1158//479 1157//476
f 1141//444 1140//443 1204//477 1205//480
f 1120//434 1089//418 1153//481 1184//478
f 1094//438 1095//412 1159//482 1158//479
f 1142//450 1141//444 1205//480 1206//483
f 1095//412 1096//411 1160//484 1159//482
f 1143//456 1142//450 1206//483 1207//485
f 1096//411 1097//420 1161//486 1160//484
f 1144//460 1143//456 1207//485 1208//487
f 1097//420 1098//425 1162//488 1161//486
f 1145//464 1144//460 1208//487 1209//489
f 1098//425 1099//430 1163//490 1162//488
f 1146//469 1145//464 1209//489 1210//491
f 1099//430 1100//435 1164//492 1163//490
f 1147//445 1146//469 1210//491 1211//493
f 1100//435 1101//439 1165//494 1164//492
f 1148//446 1147//445 1211//493 1212//495
f 1121//452 1122//451 1186//496 1185//497
f 1101//439 1102//414 1166//498 1165//494
f 1149//453 1148//446 1212//495 1213//499
f 1123//457 1121//452 1185//497 1187//500
f 1102//414 1103//413 1167//501 1166//498
f 1150//458 1149//453 1213//499 1214//532
f 1124//461 1123//457 1187//500 1188//503
f 1103//413 1104//421 1168//504 1167//501
f 1151//462 1150//458 1214//532 1215//505
f 1125//465 1124//461 1188//503 1189//506
f 1104//421 1105//426 1169//507 1168//504
f 1152//466 1151//462 1215//505 1216//508
f 1126//470 1125//465 1189//506 1190//509
f 1105//426 1106//431 1170//510 1169//507
f 1122//451 1152//466 1216//508 1186//496
f 1127//447 1126//470 1190//509 1191//511
f 1106//431 1107//436 1171//512 1170//510
f 1128//448 1127//447 1191//511 1192//513
f 1107//436 1108//440 1172//514 1171//512
f 1129//454 1128//448 1192//513 1193//515
f 1108//440 1109//416 1173//516 1172//514
f 1130//459 1129//454 1193//515 1194//517
f 1109//416 1110//415 1174//518 1173//516
f 1131//463 1130//459 1194//517 1195//519
f 1110//415 1111//422 1175//520 1174//518
f 1132//467 1131//463 1195//519 1196//521
f 1111//422 1112//427 1176//522 1175//520
f 1133//345 1132//467 1196//521 1197//523
f 1112//427 1113//432 1177//524 1176//522
f 1134//346 1133//345 1197//523 1198//525
f 1113//432 1114//437 1178//526 1177//524
f 1135//449 1134//346 1198//525 1199//527
f 1114//437 1115//350 1179//528 1178//526
f 1136//455 1135//449 1199//527 1200//529
f 1115//350 1116//349 1180//530 1179//528
f 1089//418 1090//417 1154//442 1153//481
f 1137//408 1136//455 1200//529 1201//409
f 1116//349 1117//419 1181//472 1180//530
usemtl Wheels
f 257//26 258//26 259//26 260//26 261//26 262//26 263//26 264//26 265//26 266//26 267//26 268//26 269//26 270//26 271//26 272//26 273//26 274//26 275//26 276//26 277//26 278//26 279//26 280//26 281//26 282//26 283//26 284//26 285//26 286//26 287//26 288//26
f 289//25 290//25 320//25 319//25 318//25 317//25 316//25 315//25 314//25 313//25 312//25 311//25 310//25 309//25 308//25 307//25 306//25 305//25 304//25 303//25 302//25 301//25 300//25 299//25 298//25 297//25 296//25 295//25 294//25 293//25 292//25 291//25
f 577//26 578//26 579//26 580//26 581//26 582//26 583//26 584//26 585//26 586//26 587//26 588//26 589//26 590//26 591//26 592//26 593//26 594//26 595//26 596//26 597//26 598//26 599//26 600//26 601//26 602//26 603//26 604//26 605//26 606//26 607//26 608//26
f 609//25 610//25 640//25 639//25 638//25 637//25 636//25 635//25 634//25 633//25 632//25 631//25 630//25 629//25 628//25 627//25 626//25 625//25 624//25 623//25 622//25 621//25 620//25 619//25 618//25 617//25 616//25 615//25 614//25 613//25 612//25 611//25
f 897//26 898//26 899//26 900//26 901//26 902//26 903//26 904//26 905//26 906//26 907//26 908//26 909//26 910//26 911//26 912//26 913//26 914//26 915//26 916//26 917//26 918//26 919//26 920//26 921//26 922//26 923//26 924//26 925//26 926//26 927//26 928//26
f 929//25 930//25 960//25 959//25 958//25 957//25 956//25 955//25 954//25 953//25 952//25 951//25 950//25 949//25 948//25 947//25 946//25 945//25 944//25 943//25 942//25 941//25 940//25 939//25 938//25 937//25 936//25 935//25 934//25 933//25 932//25 931//25
f 1217//26 1218//26 1219//26 1220//26 1221//26 1222//26 1223//26 1224//26 1225//26 1226//26 1227//26 1228//26 1229//26 1230//26 1231//26 1232//26 1233//26 1234//26 1235//26 1236//26 1237//26 1238//26 1239//26 1240//26 1241//26 1242//26 1243//26 1244//26 1245//26 1246//26 1247//26 1248//26
f 1249//25 1250//25 1280//25 1279//25 1278//25 1277//25 1276//25 1275//25 1274//25 1273//25 1272//25 1271//25 1270//25 1269//25 1268//25 1267//25 1266//25 1265//25 1264//25 1263//25 1262//25 1261//25 1260//25 1259//25 1258//25 1257//25 1256//25 1255//25 1254//25 1253//25 1252//25 1251//25
