# Blender 5.0.0
# www.blender.org
mtllib SlimCat.mtl
o fatCat
v -4.262772 8.617856 -2.596614
v -4.543962 8.751273 -3.945516
v -6.668645 8.738882 -3.707668
v -4.435812 8.508037 -2.253224
v -6.439812 8.994019 -2.033622
v -5.990819 10.758019 -3.443918
v -4.674069 10.558137 -3.559668
v -5.935900 10.715116 -2.496737
v -4.607038 10.629555 -2.614989
v -4.674146 8.417707 -2.438961
v -6.722109 9.108281 -3.565659
v -4.236969 8.870091 -2.418583
v -3.787169 8.699130 3.639144
v -4.188426 8.656587 3.824975
v -5.972922 9.076500 3.991199
v -6.242522 8.843537 2.423557
v -4.077071 8.833753 2.079306
v -5.469012 10.797588 3.528085
v -4.140148 10.712035 3.409832
v -5.523931 10.840495 2.580902
v -4.207181 10.640618 2.465153
v -5.834157 8.679703 3.783956
v -6.255219 9.190760 2.459161
v -3.770079 8.952570 3.606237
v -6.583221 8.756734 -2.193367
v -4.551420 8.411929 -3.775699
v -6.541051 9.142548 -3.764320
v -4.405920 8.950089 -2.222425
v -3.979724 8.589316 2.247053
v -6.116332 8.839214 3.831454
v -3.939029 9.032569 3.802396
v -6.074162 9.225028 2.260501
v -6.306606 8.599141 -2.240865
v -6.394128 8.577597 -3.526840
v -5.090283 12.353456 -3.205755
v -5.370097 12.271618 -3.084466
v -6.672871 8.963408 -2.235210
v -5.185205 12.294001 -2.900520
v -4.898597 12.222577 -3.042479
v -4.345833 8.857954 -3.752928
v -4.276994 8.487699 2.295384
v -5.965606 8.696712 2.324391
v -4.064621 8.494836 3.582326
v -4.718316 12.376480 3.124300
v -4.903207 12.354098 2.940355
v -6.205981 9.045887 3.789612
v -4.623393 12.435936 2.819066
v -4.431708 12.305058 2.982342
v -3.878943 8.940434 2.271892
v -10.367598 4.121249 0.807621
v -10.416909 4.222344 0.844097
v -10.416291 3.806938 1.729075
v -10.326059 3.951110 1.436463
v -10.397024 3.853307 1.442392
v -10.350652 3.450346 2.077615
v -10.419937 3.221682 2.454169
v -10.412684 3.260811 2.301486
v -10.334486 3.310580 2.354115
v -10.387756 2.530822 2.913451
v -10.436952 2.636150 2.958215
v -10.366077 2.363444 3.095122
v -10.455310 2.503080 2.955605
v -10.478828 1.006387 3.576483
v -10.479532 1.607466 3.469468
v -10.488500 1.631793 3.340163
v -10.586340 1.008845 3.561878
v -10.519849 0.988389 3.494551
v -10.329706 4.265479 0.801477
v -10.442571 4.241728 0.806206
v -10.398362 4.076933 1.520127
v -10.360156 4.170795 1.517342
v -10.301605 4.173353 1.304835
v -10.341485 3.818455 2.371609
v -10.262965 3.601419 2.613791
v -10.357570 3.602411 2.531845
v -10.376945 3.136849 3.235955
v -10.377811 2.742957 3.490379
v -10.340209 2.420331 3.717870
v -10.297364 2.738442 3.583236
v -10.363524 2.300336 3.912575
v -10.457006 1.722814 4.162629
v -10.363111 1.693258 4.102925
v -10.386869 4.430791 0.786591
v -10.354125 4.315426 0.787825
v -10.301670 4.411393 1.364679
v -10.391376 4.341727 1.332605
v -10.291076 4.285635 1.582960
v -10.317995 4.117568 2.310451
v -10.290510 4.033228 2.753058
v -10.294858 4.293413 2.025496
v -10.227090 4.046762 2.494060
v -10.210119 3.609358 3.334883
v -10.308116 3.648685 3.363699
v -10.286929 3.470327 3.459112
v -10.232469 3.099575 3.995294
v -10.332218 3.016199 4.008762
v -10.263048 2.921031 4.018344
v -10.294525 2.878173 4.189173
v -10.276745 2.342666 4.424116
v -10.344067 2.395757 4.505684
v -10.521361 4.238640 0.139312
v -10.559348 4.126199 0.189960
v -10.570639 3.873935 -0.402203
v -10.664145 3.463928 -1.153015
v -10.671725 3.810423 -0.535608
v -10.667492 3.730030 -0.800450
v -10.757415 3.295460 -1.187245
v -10.718935 3.155292 -1.338564
v -10.849389 2.934777 -1.610929
v -10.840144 2.588889 -1.754829
v -10.860759 2.364532 -2.020425
v -11.001695 1.906634 -2.194417
v -10.960798 1.955724 -2.094203
v -10.949064 1.509097 -2.331657
v -11.097699 0.931060 -2.373106
v -11.122224 0.939105 -2.456134
v -11.013370 0.917815 -2.406709
v -10.484076 4.293806 0.178354
v -10.555994 4.237516 0.183610
v -10.587782 4.187536 -0.392987
v -10.552736 4.086975 -0.358534
v -10.561825 4.031835 -0.725344
v -10.716672 3.839905 -1.210025
v -10.685758 3.658596 -1.330867
v -10.691035 3.572564 -1.624706
v -10.866135 3.151441 -2.084391
v -10.829897 2.858625 -2.391989
v -10.814890 3.004048 -2.125152
v -10.882192 2.504652 -2.531311
v -10.955740 2.045708 -2.899847
v -11.004698 2.274694 -2.762897
v -10.992105 2.066766 -2.774063
v -11.090600 1.631923 -3.050237
v -11.004351 1.596235 -2.982350
v -10.560948 4.351958 0.202955
v -10.481251 4.321770 0.196109
v -10.483356 4.423307 0.197273
v -10.618552 4.353354 -0.443328
v -10.529720 4.265891 -0.582263
v -10.526132 4.337543 -0.617869
v -10.690776 4.065312 -1.592355
v -10.626559 3.999880 -1.593228
v -10.723139 4.033217 -1.488196
v -10.691422 3.947567 -1.563132
v -10.742066 3.502266 -2.403285
v -10.832824 3.401750 -2.423522
v -10.882377 3.327022 -2.628701
v -10.897850 2.912493 -2.892455
v -10.890435 2.963537 -2.994195
v -10.955043 2.282104 -3.419284
v -10.980585 2.250119 -3.349086
v -11.042984 2.295603 -3.422714
v -3.895429 11.044042 -0.471331
v -4.258477 -2.196176 -0.275428
v -5.567349 -2.040371 -0.271123
v -5.264687 -1.974271 1.325258
v -4.558019 -2.153951 0.661224
v -3.396814 -2.120574 -0.920843
v -5.043101 -1.985471 -1.445823
v -5.472277 -1.641030 2.303985
v -3.527010 -2.113307 1.014293
v -2.689285 -2.060176 -0.085889
v -6.596089 -1.702776 0.296066
v -6.850249 -1.323889 1.852748
v -3.790592 -1.629490 2.744396
v -4.232401 -1.874351 -2.115447
v -6.956023 -1.403393 -1.382181
v -2.803249 -1.662125 2.311059
v -2.335885 -1.883442 1.141786
v -2.102612 -1.820555 -1.097487
v -5.789837 -1.439579 -2.599663
v -7.535851 -1.196699 -0.663672
v -7.999099 -0.833670 1.062805
v -2.825729 -1.630433 -2.415915
v -4.072239 -1.433965 -3.156465
v -6.384374 -0.767290 3.436493
v -6.700397 -1.126440 -2.512959
v -5.065400 -1.229661 3.313015
v -2.290516 -0.966775 3.468101
v -0.966863 -1.022081 2.230890
v -1.034120 -1.415679 0.906342
v -1.276594 -1.605918 -0.285564
v -1.424100 -1.258814 -2.222970
v -5.692050 -0.872105 -3.658530
v -8.508194 -0.499279 -0.264740
v -7.917279 -0.130716 2.954762
v -4.452374 -0.636289 4.316000
v -2.555809 -0.980592 -3.547665
v -7.085592 -0.389808 -3.437066
v -7.797791 -0.276522 -2.861216
v 0.318932 -0.584918 -0.242813
v -0.096472 -0.685342 -1.527052
v -4.817823 -0.376741 -4.529511
v -3.553231 0.014737 4.946993
v -1.203095 -0.574425 -3.300058
v -8.482083 -0.239885 -1.647604
v -9.583696 0.684516 -0.144036
v -9.001731 0.395863 1.822670
v -6.393379 0.338723 4.709690
v -1.839509 0.031690 4.447497
v -0.537371 -0.130350 3.323013
v 0.388140 -0.317858 1.420308
v -3.433652 -0.370190 -4.572294
v -5.893232 0.066846 -4.682137
v -9.135009 0.737876 -2.220769
v -9.195663 0.228118 0.447559
v -9.156599 1.371628 3.006765
v -7.806015 1.148332 4.409818
v -6.946017 0.929177 -4.878906
v -8.216899 0.803182 -3.701580
v -5.344623 0.935206 5.510318
v -2.802970 0.910549 5.503837
v 1.150772 0.620546 -1.635744
v 0.035093 0.137699 -3.046570
v -1.667659 -0.028381 -4.315633
v -4.198499 1.051986 -5.738477
v -9.878966 1.545214 1.439171
v -8.720352 2.022704 4.083068
v -0.808221 1.193010 4.836090
v -5.286855 1.604030 -5.913115
v -4.048387 1.546996 5.986065
v 1.528341 1.238781 1.693848
v 1.250805 0.507972 0.678387
v -1.175520 1.022525 -4.938540
v -8.977880 1.851193 -3.658538
v -9.948262 1.880496 -1.844262
v -5.648024 2.395872 6.120375
v 0.403938 0.711066 3.252241
v 0.679820 1.418440 -3.570309
v -2.760549 0.886494 -5.483022
v -10.333064 2.244376 -0.237731
v -10.489065 3.007639 0.774424
v -10.128418 2.685233 2.070774
v -7.714222 2.882005 5.330567
v -6.622048 2.021244 5.642842
v -2.421194 1.817624 5.883965
v 1.232036 2.220060 3.371233
v 1.782277 1.270928 -0.284943
v -7.631682 1.879053 -5.013351
v -10.427792 3.171433 1.301564
v -8.733967 3.960351 4.725335
v -4.006691 2.717966 6.424569
v -1.594481 3.076982 6.045361
v 0.276689 1.879414 -4.347929
v -1.706674 2.902386 -6.043635
v -3.192579 2.807005 -6.412866
v -6.284164 3.058938 -6.131974
v -8.469598 3.156282 -4.821659
v -10.535612 3.073206 -0.075407
v -10.298829 3.837811 2.161235
v -9.579257 3.445197 3.583898
v -6.577706 4.200680 6.160496
v 0.143091 2.275823 4.673910
v 2.342194 2.712917 0.346126
v 2.193707 2.430135 -1.171342
v -0.611719 2.763562 -5.445394
v -4.840943 3.210379 -6.490363
v -7.767855 3.993358 -5.533473
v -9.570838 3.330651 -3.591915
v -5.198286 4.093119 6.550600
v -4.173451 4.396004 6.659757
v 0.793568 2.939153 -4.305955
v -10.554705 3.793140 -1.166404
v -10.184650 4.506558 2.491505
v -9.719029 4.878848 3.457772
v -7.691402 4.688433 5.586057
v -2.946069 4.213539 6.538477
v 2.081205 2.999839 2.168772
v 1.760842 2.614642 -2.660227
v -10.174652 3.955889 -2.580504
v -10.496157 4.451527 -1.528229
v -1.526204 4.482735 6.136583
v 0.304413 3.647798 4.963209
v 1.386842 4.441736 3.820306
v 2.421026 4.015445 1.414248
v -9.208568 4.818574 -4.202336
v -10.475951 5.060960 -1.636669
v -8.505396 6.037683 4.694273
v 2.603053 4.567369 -0.076961
v 2.282837 4.148858 -1.940380
v 1.650031 4.828176 -3.426603
v 0.780354 4.192390 -4.575459
v -0.697808 4.913779 -5.735589
v -4.499921 4.669895 -6.656406
v -9.768653 5.526393 -3.219874
v -9.586132 6.332017 3.171967
v -0.040850 5.371761 5.216224
v -2.528354 4.943206 -6.459935
v -6.545099 4.848067 -6.159021
v -10.047423 5.946782 2.375579
v -5.219174 6.380083 6.268405
v -2.776190 5.616936 6.398056
v 0.826966 5.034249 4.451924
v 2.059310 5.114099 2.493894
v -8.283266 6.066634 -4.869590
v -10.366839 5.682640 -1.555478
v -6.728379 6.230384 5.806296
v -3.158592 6.639973 6.206625
v -1.226457 5.735344 5.856345
v 0.423913 5.914702 -4.680024
v -2.106325 6.278656 -6.104877
v -5.501230 5.874483 -6.346004
v -7.070771 6.115805 -5.679523
v 2.288553 6.051385 1.096956
v -4.214316 6.363628 -6.357377
v -9.994023 6.451483 -2.253006
v -10.023122 7.118938 1.011440
v -8.965526 7.863736 2.908095
v -7.939631 7.379284 4.549558
v 1.294294 5.987596 3.603230
v 2.354020 5.725282 -1.263968
v 1.513630 6.366815 -3.057163
v -8.712684 7.166309 -3.911425
v -9.761578 7.661009 -1.102013
v -10.139731 7.019296 -0.363784
v -9.561863 7.859300 1.470647
v -6.095892 8.009955 5.230189
v -0.184667 6.969464 4.773001
v 1.461207 7.234821 2.449399
v -0.800164 6.989402 -5.194842
v -6.997620 7.177851 -5.304596
v -9.201549 7.826365 -2.520314
v -4.830169 7.282016 5.943367
v -1.595711 6.960042 5.612852
v 1.893233 7.405831 -0.031348
v 0.400095 7.302993 -3.998930
v -3.882692 7.842351 -5.710170
v -5.179857 7.284850 -5.888377
v -9.586663 8.118613 0.033837
v -2.282866 8.042917 5.284547
v 0.779848 7.607009 3.256260
v -2.957779 8.193889 -5.380944
v -6.406023 8.217942 -4.934328
v -7.638666 8.329819 -4.006011
v -8.334292 8.857494 2.527978
v -7.305442 8.651801 3.967947
v -0.408666 7.837356 4.405251
v 1.521915 7.739276 1.441454
v 1.646772 7.363855 -1.743425
v -5.135419 8.432223 -5.185915
v -8.238432 8.915722 -2.577926
v -8.875056 8.849443 -1.137982
v -8.505072 9.217726 1.175546
v -5.239661 9.104269 4.558763
v -4.009515 8.458261 5.293499
v 0.656044 7.954967 -3.074233
v -1.518090 7.783986 -5.143047
v -8.432874 9.434214 -0.040300
v -0.740750 8.986407 3.545251
v 0.739317 8.642853 -1.847466
v -6.584436 9.313099 -3.732540
v -7.029858 9.893617 2.355276
v -6.500288 9.406477 3.668388
v -3.400350 9.384195 4.391893
v 0.143063 9.153369 2.055409
v 0.871193 8.855861 -0.374819
v -2.482360 9.194383 -4.384335
v -4.823606 9.424003 -4.346356
v -6.860048 9.822930 -2.707520
v -7.753214 9.863808 -0.971032
v -2.136535 9.391421 3.965389
v -0.514330 8.688586 -3.693100
v -7.041657 10.116066 -1.736173
v -5.162954 10.146786 3.214020
v 0.533772 9.245379 0.269045
v -7.414781 10.115809 0.751890
v -1.168533 9.739854 -2.772444
v -5.927844 10.603490 1.590506
v -3.945733 10.242265 3.193421
v -2.589367 10.316130 2.716810
v -1.399257 10.148570 2.065620
v -0.388597 9.831205 -1.280513
v -3.032512 10.213239 -3.111104
v -4.203282 10.208976 -3.247043
v -6.297302 10.649623 -0.701980
v -5.390621 10.437193 -2.530881
v -6.128310 10.713243 0.425221
v -0.713415 10.067401 1.041723
v -1.819061 10.268849 -2.196924
v -4.164351 10.763498 -1.981643
v -4.891858 11.002850 0.327539
v -4.288870 10.792511 1.925344
v -1.266300 10.457315 0.231053
v -2.750552 10.706995 -1.696994
v -2.570758 10.768514 1.263959
v -1.998969 10.664626 -0.909264
v -3.635504 10.929132 -1.223429
v -5.092207 10.940207 -0.726789
v -3.495244 11.020723 0.522405
v -2.721108 10.924205 -0.200774
v -10.368556 3.426138 1.750937
v -10.578183 3.392488 -0.745791
v -10.094597 5.394578 2.559833
v -10.026720 6.400609 2.104538
v -10.284501 6.355068 -1.221895
v -10.011147 6.799355 1.677061
v -10.204106 6.765271 -0.812923
v -10.084459 7.183199 0.163421
v -10.483079 3.009132 0.773573
v -10.540775 3.071643 -0.073976
v -10.425470 3.171798 1.300932
v -10.363906 3.426972 1.749592
v -10.556708 3.392908 -0.738460
v -10.288547 3.838989 2.157556
v -10.545964 3.793514 -1.164223
v -10.219990 4.297032 2.410937
v -10.518223 4.244347 -1.437509
v -10.472714 4.796901 -1.620813
v -10.147903 4.854265 2.569936
v -10.372603 5.682151 -1.557364
v -10.060678 5.737254 2.467762
v -10.017522 6.396905 2.101535
v -10.274942 6.351428 -1.220245
v -10.006773 6.797509 1.675773
v -10.199592 6.763451 -0.812275
v -10.015591 7.040248 1.216209
v -10.113652 7.102709 -0.162263
v -10.040234 7.188381 0.682041
v -10.642097 4.446051 0.294574
v -10.491538 4.302542 0.488036
v -10.581581 4.723619 0.697670
v -10.452219 4.497529 0.729217
v -10.627519 4.342311 0.633196
v -10.485200 4.530653 0.248483
v -10.604730 4.756733 0.346297
v -10.434237 4.812026 0.520537
v -10.556008 4.421627 1.461584
v -10.320162 5.222865 1.439498
v -10.448462 5.208810 1.761897
v -10.304936 5.026505 1.917747
v -10.480826 4.756790 1.976075
v -10.369786 4.489627 1.824736
v -10.402243 4.646350 1.175937
v -10.506448 5.056630 1.214566
v -10.714137 4.678955 -0.982768
v -10.571145 4.383192 -0.673309
v -10.465377 5.148462 -0.365376
v -10.613552 5.108306 -0.267465
v -10.497359 4.718788 -0.177801
v -10.680592 4.495496 -0.281788
v -10.520765 5.040199 -0.940689
v -10.639386 5.184917 -0.715752
v -10.541193 4.836982 0.073365
v -10.094946 5.016924 0.097161
v -10.484791 5.789051 -0.532497
v -10.475879 5.474930 0.029414
v -10.178405 4.461917 -0.214976
v -10.636933 4.360924 -0.512090
v -10.231578 4.386448 -0.807595
v -10.643579 4.788706 -1.205094
v -10.223079 4.783134 -1.257356
v -10.561020 5.524838 -1.161201
v -10.141161 5.487503 -1.176947
v -10.049593 5.732243 -0.318901
v -10.361844 4.958805 2.260106
v -9.927083 5.044977 2.265563
v -10.300483 5.731660 1.973179
v -10.460917 4.420924 1.718341
v -10.022405 4.454977 1.846912
v -10.074759 4.492121 1.105630
v -10.479998 4.829398 0.889089
v -9.989336 5.442163 0.884391
v -10.369760 5.688700 1.122714
v -9.887998 5.766083 1.758859
v -10.555140 4.547722 0.299406
v -10.555140 4.547722 0.299406
v -10.513909 4.537429 0.278929
v -10.552484 4.545884 0.336942
v -10.552484 4.545884 0.336942
v -10.550368 4.539371 0.373988
v -10.550368 4.539371 0.373988
v -10.548826 4.528285 0.409962
v -10.548826 4.528285 0.409962
v -10.477704 4.440041 0.498941
v -10.547883 4.512802 0.444295
v -10.547883 4.512802 0.444295
v -10.547552 4.493166 0.476446
v -10.547552 4.493166 0.476446
v -10.624846 4.323320 0.600298
v -10.547839 4.469687 0.505908
v -10.547839 4.469687 0.505908
v -10.548739 4.442736 0.532216
v -10.548739 4.442736 0.532216
v -10.550240 4.412735 0.554956
v -10.550240 4.412735 0.554956
v -10.552315 4.380160 0.573768
v -10.552315 4.380160 0.573768
v -10.554934 4.345524 0.588357
v -10.554934 4.345524 0.588357
v -10.558053 4.309373 0.598492
v -10.558053 4.309373 0.598492
v -10.508133 4.157477 0.575512
v -10.561626 4.272277 0.604013
v -10.561626 4.272277 0.604013
v -10.565595 4.234821 0.604834
v -10.565595 4.234821 0.604834
v -10.569897 4.197597 0.600940
v -10.569897 4.197597 0.600940
v -10.574465 4.161190 0.592394
v -10.574465 4.161190 0.592394
v -10.579226 4.126175 0.579331
v -10.579226 4.126175 0.579331
v -10.679062 3.980272 0.409735
v -10.584105 4.093105 0.561956
v -10.584105 4.093105 0.561956
v -10.589027 4.062500 0.540544
v -10.589027 4.062500 0.540544
v -10.593912 4.034844 0.515431
v -10.593912 4.034844 0.515431
v -10.598685 4.010573 0.487015
v -10.598685 4.010573 0.487015
v -10.562908 3.965562 0.396013
v -10.603269 3.990069 0.455743
v -10.603269 3.990069 0.455743
v -10.607592 3.973656 0.422109
v -10.607592 3.973656 0.422109
v -10.611587 3.961592 0.386642
v -10.611587 3.961592 0.386642
v -10.692582 4.121593 0.055901
v -10.615190 3.954069 0.349903
v -10.615190 3.954069 0.349903
v -10.618343 3.951204 0.312470
v -10.618343 3.951204 0.312470
v -10.620998 3.953043 0.274935
v -10.620998 3.953043 0.274935
v -10.550488 4.019980 0.122355
v -10.623115 3.959556 0.237888
v -10.623115 3.959556 0.237888
v -10.624656 3.970641 0.201915
v -10.624656 3.970641 0.201915
v -10.625600 3.986124 0.167582
v -10.625600 3.986124 0.167582
v -10.625931 4.005760 0.135431
v -10.625931 4.005760 0.135431
v -10.625644 4.029239 0.105969
v -10.625644 4.029239 0.105969
v -10.624743 4.056190 0.079660
v -10.624743 4.056190 0.079660
v -10.623243 4.086191 0.056921
v -10.623243 4.086191 0.056921
v -10.621167 4.118766 0.038108
v -10.621167 4.118766 0.038108
v -10.618549 4.153402 0.023519
v -10.618549 4.153402 0.023519
v -10.615429 4.189553 0.013384
v -10.615429 4.189553 0.013384
v -10.520700 4.373878 0.039442
v -10.611856 4.226649 0.007863
v -10.611856 4.226649 0.007863
v -10.657409 4.419067 0.083104
v -10.607888 4.264105 0.007043
v -10.607888 4.264105 0.007043
v -10.603585 4.301330 0.010936
v -10.603585 4.301330 0.010936
v -10.599018 4.337737 0.019482
v -10.599018 4.337737 0.019482
v -10.594256 4.372751 0.032546
v -10.594256 4.372751 0.032546
v -10.589376 4.405821 0.049920
v -10.589376 4.405821 0.049920
v -10.584455 4.436426 0.071333
v -10.584455 4.436426 0.071333
v -10.579570 4.464082 0.096445
v -10.579570 4.464082 0.096445
v -10.574798 4.488353 0.124862
v -10.574798 4.488353 0.124862
v -10.570213 4.508857 0.156133
v -10.570213 4.508857 0.156133
v -10.625555 4.539234 0.324225
v -10.565890 4.525270 0.189768
v -10.565890 4.525270 0.189768
v -10.561895 4.537334 0.225234
v -10.561895 4.537334 0.225234
v -10.558293 4.544858 0.261974
v -10.558293 4.544858 0.261974
v -10.656891 3.981749 0.717822
v -10.591362 4.537598 0.800275
v -10.523128 4.553378 0.712487
v -10.523128 4.553378 0.712487
v -10.463998 4.512747 0.599048
v -10.520473 4.551539 0.750022
v -10.520473 4.551539 0.750022
v -10.518357 4.545025 0.787069
v -10.518357 4.545025 0.787069
v -10.453824 4.405781 0.968978
v -10.516815 4.533940 0.823042
v -10.516815 4.533940 0.823042
v -10.515871 4.518457 0.857375
v -10.515871 4.518457 0.857375
v -10.570802 4.353046 1.009665
v -10.515540 4.498822 0.889526
v -10.515540 4.498822 0.889526
v -10.515827 4.475343 0.918988
v -10.515827 4.475343 0.918988
v -10.516728 4.448390 0.945297
v -10.516728 4.448390 0.945297
v -10.627360 4.100456 0.950464
v -10.518228 4.418390 0.968036
v -10.518228 4.418390 0.968036
v -10.520304 4.385816 0.986849
v -10.520304 4.385816 0.986849
v -10.522922 4.351179 1.001438
v -10.522922 4.351179 1.001438
v -10.526042 4.315028 1.011573
v -10.526042 4.315028 1.011573
v -10.529614 4.277932 1.017094
v -10.529614 4.277932 1.017094
v -10.533583 4.240477 1.017914
v -10.533583 4.240477 1.017914
v -10.537886 4.203252 1.014021
v -10.537886 4.203252 1.014021
v -10.542453 4.166845 1.005475
v -10.542453 4.166845 1.005475
v -10.496812 4.008441 0.884657
v -10.547215 4.131830 0.992411
v -10.547215 4.131830 0.992411
v -10.552094 4.098760 0.975037
v -10.552094 4.098760 0.975037
v -10.557015 4.068155 0.953624
v -10.557015 4.068155 0.953624
v -10.561901 4.040499 0.928512
v -10.561901 4.040499 0.928512
v -10.566673 4.016228 0.900095
v -10.566673 4.016228 0.900095
v -10.571258 3.995724 0.868824
v -10.571258 3.995724 0.868824
v -10.575581 3.979311 0.835189
v -10.575581 3.979311 0.835189
v -10.579576 3.967247 0.799723
v -10.579576 3.967247 0.799723
v -10.583178 3.959724 0.762984
v -10.583178 3.959724 0.762984
v -10.586331 3.956859 0.725551
v -10.586331 3.956859 0.725551
v -10.588987 3.958698 0.688015
v -10.588987 3.958698 0.688015
v -10.591103 3.965211 0.650969
v -10.591103 3.965211 0.650969
v -10.519842 4.023234 0.541626
v -10.592645 3.976296 0.614995
v -10.592645 3.976296 0.614995
v -10.657453 4.162683 0.455738
v -10.593588 3.991779 0.580662
v -10.593588 3.991779 0.580662
v -10.593919 4.011415 0.548511
v -10.593919 4.011415 0.548511
v -10.593632 4.034894 0.519049
v -10.593632 4.034894 0.519049
v -10.592731 4.061846 0.492741
v -10.592731 4.061846 0.492741
v -10.591231 4.091846 0.470001
v -10.591231 4.091846 0.470001
v -10.589156 4.124421 0.451189
v -10.589156 4.124421 0.451189
v -10.586537 4.159057 0.436600
v -10.586537 4.159057 0.436600
v -10.502982 4.274397 0.436181
v -10.583418 4.195208 0.426465
v -10.583418 4.195208 0.426465
v -10.579845 4.232304 0.420944
v -10.579845 4.232304 0.420944
v -10.575876 4.269760 0.420123
v -10.575876 4.269760 0.420123
v -10.571574 4.306984 0.424017
v -10.571574 4.306984 0.424017
v -10.620222 4.450381 0.511870
v -10.567006 4.343391 0.432563
v -10.567006 4.343391 0.432563
v -10.562245 4.378406 0.445626
v -10.562245 4.378406 0.445626
v -10.557365 4.411477 0.463001
v -10.557365 4.411477 0.463001
v -10.552444 4.442081 0.484413
v -10.552444 4.442081 0.484413
v -10.547559 4.469737 0.509526
v -10.547559 4.469737 0.509526
v -10.542787 4.494009 0.537942
v -10.542787 4.494009 0.537942
v -10.538202 4.514513 0.569214
v -10.538202 4.514513 0.569214
v -10.533879 4.530925 0.602848
v -10.533879 4.530925 0.602848
v -10.529884 4.542989 0.638315
v -10.529884 4.542989 0.638315
v -10.526281 4.550512 0.675054
v -10.526281 4.550512 0.675054
v -5.423108 -7.169630 3.305452
v -4.966228 -7.162131 3.230615
v -5.528394 -7.195063 2.761223
v -4.916914 -7.114980 2.521795
v -6.180658 -6.823548 3.284415
v -5.800875 -6.940095 2.310980
v -5.369800 -6.920489 3.767381
v -4.285867 -6.777854 2.890236
v -5.260353 -6.689326 1.864572
v -6.162310 -6.861121 2.848118
v -4.477935 -6.657897 2.214049
v -5.955219 -6.559971 3.832315
v -4.588494 -6.596056 3.820972
v -4.392287 -6.759296 3.391514
v -6.120310 -6.513060 2.135305
v -5.050831 -6.339901 4.137001
v -4.820428 -6.317067 1.786970
v -6.501705 -5.979491 3.398028
v -4.058029 -6.076345 3.383606
v -4.068347 -6.111164 2.537266
v -4.693575 -5.851603 4.076400
v -4.383221 -5.677395 2.020578
v -6.451007 -6.278493 2.474919
v -6.039289 -5.737143 3.975652
v -5.633229 -6.427642 4.088581
v -5.276039 -5.717918 4.201919
v -5.609486 -6.047406 1.687134
v -5.017369 -5.531926 1.739251
v -4.333116 -5.625367 3.749735
v -4.126721 -5.380920 3.070291
v -6.099401 -5.773324 1.963286
v -6.517356 -5.737679 2.663732
v -4.146629 -5.424519 2.616485
v -5.506536 -5.449948 1.778678
v -5.407422 -5.111650 3.901855
v -5.859531 -5.100763 2.147705
v -6.349357 -5.281214 2.698350
v -6.013431 -5.057762 3.567663
v -4.854417 -5.120468 3.827998
v -5.116096 -4.969173 2.108421
v -6.180827 -5.067546 3.223486
v -4.739954 -4.826689 2.552478
v -5.810080 -4.843675 2.544039
v -4.417392 -5.013372 3.253454
v -5.717678 -4.747594 2.941583
v -5.174196 -4.703260 3.271316
v -5.339071 -4.683331 2.761276
v -5.027549 -7.187610 -1.393205
v -5.164006 -7.187060 -0.922973
v -5.587253 -7.180829 -1.247373
v -5.464589 -7.056565 -0.571204
v -5.445054 -7.091976 -1.753198
v -6.163736 -6.873994 -1.011115
v -4.929209 -6.983190 -0.517769
v -5.930491 -6.837728 -0.542402
v -4.734534 -6.782135 -1.987627
v -4.499966 -6.966572 -0.991449
v -4.461882 -6.896389 -1.469591
v -6.096455 -6.870889 -1.554347
v -5.884096 -6.450800 -0.152668
v -5.237480 -6.646220 -0.123549
v -5.192994 -6.536697 -2.339680
v -5.762752 -6.713274 -2.091756
v -4.566771 -6.531470 -0.272762
v -4.096826 -6.336617 -1.573942
v -4.092052 -6.263349 -0.811529
v -4.367222 -6.185712 -2.058821
v -6.467537 -6.433177 -0.940917
v -4.569626 -6.147306 -0.094683
v -6.036776 -5.875324 -2.238839
v -6.311179 -6.301137 -1.862537
v -6.505622 -5.861069 -1.549752
v -6.274515 -5.799961 -0.368349
v -5.527873 -5.940944 0.093693
v -4.763462 -5.772524 -2.368526
v -5.512714 -5.771691 -2.445809
v -6.495831 -5.618007 -0.925184
v -4.019186 -5.642472 -1.000869
v -5.028986 -5.521404 0.005756
v -4.491588 -5.504742 -0.272886
v -4.268222 -5.617819 -1.922677
v -6.054167 -5.229159 -0.451184
v -6.184061 -5.281749 -1.804239
v -5.599110 -5.212289 -0.181187
v -6.376266 -5.268572 -1.064752
v -4.552888 -4.939516 -0.784803
v -4.536774 -5.004952 -1.713300
v -5.633527 -4.982733 -1.982806
v -4.900301 -4.958186 -0.445982
v -4.318791 -5.115886 -1.378119
v -5.071963 -5.135678 -2.164203
v -6.058733 -4.911905 -1.147254
v -5.361943 -4.748053 -0.708027
v -5.391249 -4.724364 -1.561030
v -5.553651 -4.712521 -1.028278
v -5.045577 -4.693855 -1.262441
v -1.656260 -6.359932 1.662273
v -1.268028 -7.072393 2.087551
v -0.753318 -7.106196 2.652472
v -0.317331 -6.596091 3.130592
v -0.292035 -5.619077 3.158332
v -0.793616 -5.070324 2.604710
v -1.203833 -5.046961 2.143346
v -1.551439 -5.427950 1.777223
v -0.453339 -6.359499 0.614494
v -0.283411 -6.958297 1.013274
v 1.155767 -7.080920 1.166455
v 0.912659 -6.857852 1.788562
v 0.810939 -5.981061 2.316458
v 0.537374 -5.306066 2.085541
v -0.456392 -5.539440 0.736352
v 1.433199 -6.358787 1.847920
v 1.309118 -6.544174 -0.370790
v 2.148350 -7.125500 0.050663
v 2.102457 -5.531393 1.386814
v 2.662110 -5.086937 0.518090
v 2.449532 -5.061385 -0.147055
v 1.157247 -5.515696 -0.218467
v 3.213472 -7.025640 0.552984
v 2.903818 -6.359553 1.186052
v 3.220383 -6.359566 -1.040637
v 3.644523 -6.969290 -0.687056
v 3.709918 -5.514533 0.855053
v 2.338040 -5.575671 -0.731694
v 5.159986 -6.929591 0.409854
v 4.776152 -6.274494 0.845549
v 6.225091 -5.021537 -0.223015
v 4.328959 -5.539440 -1.112561
v 5.226537 -6.395303 -1.243543
v 5.433975 -7.038615 -0.742171
v 5.542455 -5.266898 0.487537
v 6.819893 -5.105975 -0.629318
v 6.430164 -5.801680 -1.206831
v 5.742226 -5.978472 0.843645
v 7.427122 -6.621666 -0.963745
v 7.090259 -6.693431 0.824193
v 7.504214 -6.007580 1.103770
v 7.986605 -5.336470 0.893068
v 7.755703 -7.167982 -0.013932
v 8.674886 -6.722806 1.309244
v 10.030374 -5.041654 0.703640
v 8.493855 -5.376346 -0.540610
v 8.862742 -5.807364 -0.691068
v 9.275121 -6.575072 -0.452067
v 9.344359 -5.946027 1.811945
v 10.267557 -6.346416 -0.032308
v 10.925239 -6.982261 0.855646
v 11.997138 -7.137119 2.333006
v 10.027596 -5.083329 1.426187
v 10.510426 -5.585574 0.174149
v 10.713919 -6.920998 2.299222
v 10.404259 -6.319779 2.549194
v 12.518867 -6.302572 1.652493
v 10.662463 -5.541271 2.607303
v 11.738018 -5.120033 2.938282
v 11.814505 -5.202809 1.594378
v 12.021873 -5.801607 1.213722
v 12.629176 -6.778676 2.148837
v 13.424078 -7.063497 5.383980
v 11.953683 -6.686743 3.974194
v 11.807327 -5.986548 4.084470
v 12.380549 -5.381376 4.426579
v 13.620428 -5.018373 4.539753
v 13.138691 -5.135361 3.201716
v 13.554081 -5.765801 2.931123
v 13.986176 -6.621666 3.728684
v 13.933856 -7.119694 4.913852
v 12.780005 -6.646573 5.401965
v 12.679565 -5.888217 5.516576
v 13.616351 -5.089331 5.908398
v 14.629894 -5.388656 5.286171
v 14.502125 -5.792643 4.494811
v 14.957251 -6.359590 5.579291
v 15.033423 -6.803804 6.612993
v 13.442463 -5.335069 6.651427
v 13.481978 -6.813028 7.022284
v 13.157966 -5.983962 7.043297
v 14.778909 -5.046486 8.061720
v 15.234631 -5.839651 6.584093
v 15.402581 -6.359567 7.558848
v 14.745106 -7.117926 8.628029
v 15.335154 -5.502235 8.124077
v 14.151557 -7.097597 9.537525
v 13.677158 -6.832959 9.068346
v 13.360044 -6.174855 8.640801
v 13.548558 -5.467672 8.658733
v 15.396720 -6.285563 10.213097
v 15.129745 -6.804383 10.067704
v 14.036321 -5.089090 9.659888
v 15.195121 -5.489620 10.468468
v 13.104945 -6.208461 10.839859
v 13.260152 -5.504155 10.879522
v 14.318003 -7.038244 12.063937
v 13.117914 -5.025684 13.939779
v 14.352934 -5.183357 12.355999
v 14.580021 -6.621781 12.709307
v 13.117915 -7.135420 13.939779
v 13.101693 -6.917626 12.150128
v 12.580652 -5.247959 13.145839
v 14.640719 -5.801539 12.813332
v 12.394537 -6.359550 12.699212
v 12.204204 -5.752141 13.100336
v 13.618492 -6.544173 14.561671
v 12.072229 -7.077229 14.413304
v 13.583194 -5.556023 14.536490
v 11.394598 -6.826872 14.511216
v 11.212967 -6.349844 14.332288
v 12.195251 -6.621661 16.083071
v 10.726451 -7.072140 16.629795
v 10.888482 -5.802258 14.601331
v 11.345123 -5.141451 14.862472
v 11.956400 -5.202811 15.860455
v 12.315478 -5.801607 16.103294
v 11.108665 -6.080552 17.148840
v 10.259706 -7.106194 16.007692
v 9.851077 -6.542028 15.458423
v 9.873485 -5.565015 15.488542
v 10.259707 -5.054908 16.007694
v 10.716154 -5.088760 16.620708
v 10.530445 -7.285461 16.038031
v 10.764463 -4.964118 16.032688
v 10.907342 -7.260823 16.238073
v 11.069622 -7.193607 15.769022
v 10.517345 -7.133075 16.636770
v 10.551112 -7.108312 15.412703
v 10.074882 -7.091277 15.780191
v 10.012191 -7.066005 16.231651
v 11.101182 -7.053543 16.657291
v 11.467929 -7.014731 16.196712
v 11.499507 -6.815358 15.558305
v 11.113807 -6.770722 15.178510
v 9.991762 -6.869843 16.654945
v 10.666398 -6.625278 14.996451
v 9.610116 -6.570119 16.091869
v 10.136824 -6.579192 17.008644
v 11.465148 -6.618263 16.822012
v 11.752896 -6.631630 16.096329
v 9.982717 -6.495543 15.197309
v 10.809615 -6.738118 17.073589
v 11.585116 -6.290025 15.306121
v 10.324729 -6.253059 14.960837
v 10.274166 -5.909900 17.166817
v 11.152450 -6.054339 14.989166
v 9.650812 -6.458224 15.612206
v 9.525380 -6.239916 16.304420
v 9.853780 -5.918945 16.859072
v 10.945701 -6.193381 17.219276
v 11.564775 -5.798581 16.829260
v 11.870010 -6.092845 15.919625
v 11.768360 -5.974069 16.529507
v 9.895694 -5.764882 15.276145
v 9.692959 -5.530602 15.832165
v 9.637758 -5.763169 16.431513
v 10.878263 -5.571035 17.090740
v 11.568954 -5.643328 15.441018
v 10.604136 -5.762433 14.933016
v 11.598497 -5.373750 16.121548
v 10.105030 -5.278226 16.646158
v 11.121774 -5.172234 16.606277
v 10.660288 -5.182857 15.366598
v 10.261607 -5.121522 15.617275
v 10.205981 -5.072870 16.186216
v 11.251615 -5.114489 15.873047
v 11.148373 -5.242537 15.406552
v 10.639350 -5.077045 16.581869
v -0.544984 -7.658144 -0.427827
v -0.303987 10.309805 0.604281
v -0.722867 -7.607266 0.910496
v 1.255110 -7.519659 1.222245
v 0.722867 -7.607266 -0.910495
v -2.750983 -7.256420 -0.302275
v -1.021407 -7.445536 1.914165
v 2.750983 -7.256420 0.302276
v 1.021407 -7.445536 -1.914164
v -1.891446 -7.276569 -1.997104
v -3.625533 -6.862135 1.039834
v -1.784925 -6.915978 3.265960
v 0.384450 -6.862626 3.754934
v 2.306088 -7.036338 2.455735
v 3.625533 -6.862135 -1.039833
v 1.784925 -6.915979 -3.265959
v -0.384450 -6.862627 -3.754933
v -3.723042 -6.288954 3.111810
v 1.942304 -6.247366 4.510115
v 3.978437 -6.284804 2.833639
v 4.773577 -6.295527 0.635301
v 3.723042 -6.288954 -3.111809
v -1.942304 -6.247367 -4.510114
v -3.978437 -6.284804 -2.833638
v -4.773577 -6.295527 -0.635300
v -5.816329 -5.364454 1.841339
v -2.191139 -5.678727 5.238660
v -0.276609 -5.620241 5.752229
v 5.816329 -5.364454 -1.841339
v 2.191139 -5.678728 -5.238659
v 0.276609 -5.620242 -5.752228
v -6.615727 -4.839200 -0.445318
v -4.804656 -4.884504 4.513751
v 3.482576 -4.878033 5.554493
v 6.131649 -4.507273 3.163331
v 6.615727 -4.839200 0.445319
v 4.804656 -4.884505 -4.513750
v -3.482576 -4.878034 -5.554492
v -6.131649 -4.507274 -3.163330
v -2.694195 -4.006139 6.804760
v 0.960843 -4.754038 6.631713
v 2.694195 -4.006140 -6.804759
v -0.960843 -4.754039 -6.631712
v -7.309899 -2.609592 3.585293
v -6.136980 -3.135621 4.864377
v 1.977218 -2.565558 7.920765
v 3.816220 -3.018492 6.919214
v 5.172028 -4.421686 4.716493
v 7.670186 -3.185986 1.680588
v 7.309899 -2.609592 -3.585292
v 6.136980 -3.135622 -4.864377
v -1.977218 -2.565559 -7.920765
v -3.816220 -3.018493 -6.919214
v -5.172028 -4.421687 -4.716492
v -7.670186 -3.185987 -1.680588
v -8.117920 -2.562903 0.979244
v -5.114419 -2.827244 6.166079
v -3.042191 -1.951022 7.829134
v -0.540274 -2.533729 8.174782
v 5.694840 -2.033753 6.137259
v 6.996276 -2.075922 4.560180
v 8.117920 -2.562903 -0.979244
v 5.114419 -2.827245 -6.166079
v 3.042191 -1.951024 -7.829134
v 0.540274 -2.533730 -8.174782
v -5.694840 -2.033754 -6.137259
v -6.996276 -2.075922 -4.560180
v -6.713213 -1.007133 5.553651
v -5.195325 -0.995189 7.001763
v 8.074772 -0.320380 3.731624
v 8.524940 -0.994114 1.818828
v 6.713213 -1.007134 -5.553651
v 5.195325 -0.995190 -7.001763
v -8.074772 -0.320380 -3.731624
v -8.524940 -0.994114 -1.818828
v -8.938655 0.352987 -0.921214
v -8.515310 -0.893720 2.050331
v -8.191022 0.708279 3.790746
v -4.403519 0.803192 7.893762
v -2.223129 0.194469 8.669293
v 0.451237 -0.182458 8.912300
v 4.246787 -0.658259 7.745249
v 6.897650 0.194465 5.702751
v 8.938655 0.352987 0.921214
v 8.515310 -0.893721 -2.050331
v 8.191022 0.708279 -3.790746
v 4.403519 0.803191 -7.893762
v 2.223129 0.194467 -8.669293
v -0.451237 -0.182459 -8.912300
v -4.246787 -0.658261 -7.745249
v -6.897650 0.194464 -5.702751
v -8.860493 1.421441 1.690232
v -6.529407 1.095608 6.252932
v 2.794460 1.325535 8.600458
v 5.550243 1.433668 7.135069
v 8.860493 1.421441 -1.690232
v 6.529407 1.095607 -6.252932
v -2.794460 1.325534 -8.600458
v -5.550243 1.433667 -7.135069
v -6.897650 2.456605 5.702751
v -2.270443 2.501239 8.653730
v -0.050834 2.407335 8.952443
v 7.606647 2.372773 4.732682
v 8.510938 2.456604 2.768193
v 8.955895 2.578490 0.137344
v 6.897650 2.456604 -5.702751
v 2.270443 2.501238 -8.653730
v 0.050834 2.407333 -8.952443
v -7.606647 2.372772 -4.732682
v -8.510938 2.456604 -2.768193
v -8.955895 2.578490 -0.137344
v -8.310685 3.569408 2.694660
v -7.533703 4.243640 4.093589
v -5.799584 3.651774 6.502750
v -3.749431 3.734505 7.866415
v 2.167515 3.569410 8.463483
v 4.656710 3.524403 7.434971
v 6.670018 3.568708 5.642208
v 8.310685 3.569408 -2.694661
v 7.533703 4.243639 -4.093590
v 5.799584 3.651773 -6.502751
v 3.749431 3.734504 -7.866416
v -2.167515 3.569409 -8.463483
v -4.656710 3.524402 -7.434972
v -6.670018 3.568707 -5.642209
v -8.167192 5.240395 0.096632
v 0.006873 4.789583 8.379459
v 8.262844 4.605749 1.533719
v 8.167192 5.240395 -0.096633
v -0.006873 4.789582 -8.379459
v -8.262844 4.605749 -1.533720
v -6.440174 5.710781 4.564900
v -4.364759 5.391215 6.775994
v -2.512125 5.712145 7.485344
v 3.066122 5.740563 7.294224
v 5.330841 6.127207 5.518802
v 7.404439 4.824164 3.804572
v 6.440174 5.710780 -4.564901
v 4.364759 5.391214 -6.775995
v 2.512125 5.712144 -7.485345
v -3.066122 5.740562 -7.294225
v -5.330841 6.127206 -5.518803
v -7.404439 4.824163 -3.804573
v -7.553954 5.886007 1.865219
v -4.989666 6.621564 5.313452
v -0.524572 5.931308 7.746889
v 5.974381 6.453645 4.413586
v 6.609224 7.124439 2.151087
v 7.553954 5.886007 -1.865220
v 4.989666 6.621563 -5.313453
v 0.524572 5.931307 -7.746890
v -5.974381 6.453644 -4.413587
v -6.609224 7.124439 -2.151088
v -6.506584 7.571727 0.641162
v -5.837273 7.448115 3.133265
v -2.450840 7.458115 6.190112
v 0.791482 7.550560 6.517273
v 3.168777 7.493640 5.763979
v 6.506584 7.571727 -0.641164
v 5.837273 7.448115 -3.133266
v 2.450840 7.458114 -6.190113
v -0.791482 7.550559 -6.517274
v -3.168777 7.493639 -5.763980
v -3.731336 8.332791 4.327902
v 3.890367 8.382718 4.068116
v 5.005857 8.304036 2.746858
v 3.731336 8.332791 -4.327903
v -3.890367 8.382718 -4.068117
v -5.005857 8.304036 -2.746859
v -4.900153 8.931836 0.412747
v -3.817384 8.966214 2.906657
v 1.235752 8.924811 4.721025
v 4.900153 8.931836 -0.412748
v 3.817384 8.966214 -2.906659
v -1.235752 8.924811 -4.721026
v -1.325290 9.041439 4.512374
v 2.166188 9.544788 3.074466
v 3.719518 9.479351 1.126413
v 1.325290 9.041439 -4.512375
v -2.166188 9.544788 -3.074468
v -3.719518 9.479351 -1.126414
v -2.701190 9.928373 0.514208
v -2.073924 9.691946 2.606003
v -0.715828 9.947934 2.582100
v 2.701190 9.928373 -0.514209
v 1.314290 9.777934 -2.947542
v 1.422223 10.048020 1.776787
v 0.668006 10.165521 -1.634768
v -1.422223 10.048020 -1.776789
v 1.027192 10.263206 0.509024
v -1.027192 10.263206 -0.509026
vn -0.2154 -0.8465 0.4869
vn 0.4532 -0.6224 0.6381
vn -0.2987 -0.0004 0.9543
vn 0.0698 -0.9783 0.1949
vn -0.2812 -0.9406 -0.1903
vn 0.3704 -0.7898 -0.4888
vn -0.6298 -0.5964 0.4976
vn -0.6664 -0.4705 -0.5783
vn 0.3273 -0.1389 -0.9346
vn -0.7024 0.7028 -0.1124
vn 0.1652 0.8289 -0.5345
vn -0.5960 0.3699 -0.7127
vn 0.6767 0.2522 -0.6917
vn -0.4412 0.1680 -0.8816
vn -0.0254 0.7268 0.6864
vn -0.6143 0.4131 0.6723
vn -0.9438 0.1830 -0.2752
vn -0.9216 0.0408 0.3860
vn 0.8264 0.5482 0.1285
vn 0.6645 0.2666 0.6981
vn 0.4821 0.0901 0.8715
vn 0.9449 0.0076 0.3273
vn 0.9062 -0.0337 -0.4216
vn 0.8699 -0.4896 0.0602
vn 0.0366 -0.8866 -0.4611
vn -0.3325 -0.7281 -0.5995
vn 0.2942 -0.1248 -0.9476
vn 0.2680 -0.9221 0.2790
vn 0.5918 -0.6351 -0.4964
vn -0.2225 -0.8494 0.4786
vn -0.6254 -0.5970 0.5025
vn -0.8005 -0.4512 -0.3945
vn 0.8145 -0.4338 0.3853
vn 0.1483 -0.4907 0.8586
vn -0.3020 0.0024 0.9533
vn 0.8201 0.5588 0.1232
vn -0.0657 0.7245 0.6861
vn -0.6148 0.4170 0.6695
vn 0.4848 0.0946 0.8695
vn -0.6794 0.7206 -0.1385
vn 0.1703 0.8260 -0.5373
vn -0.5936 0.3779 -0.7105
vn -0.9305 0.1994 -0.3071
vn -0.9061 0.0521 0.4198
vn -0.4448 0.1125 -0.8885
vn 0.9539 0.0887 0.2868
vn 0.9014 0.0317 -0.4317
vn -0.6261 0.6044 0.4927
vn -0.2652 0.7697 -0.5806
vn 0.1939 -0.1518 -0.9692
vn 0.7629 0.5900 0.2644
vn 0.4377 -0.6838 -0.5838
vn -0.9444 -0.2869 -0.1605
vn -0.8649 -0.3335 -0.3751
vn -0.6322 0.5410 0.5546
vn 0.7416 0.5112 0.4345
vn 0.8088 0.2378 0.5379
vn -0.3623 0.5677 0.7392
vn 0.2335 -0.6080 -0.7588
vn 0.6429 -0.4878 0.5905
vn -0.0089 0.3409 0.9400
vn -0.2003 -0.3535 -0.9137
vn -0.9026 -0.1901 -0.3862
vn -0.8092 -0.4508 0.3767
vn 0.0973 -0.7448 -0.6602
vn -0.8378 -0.5096 -0.1962
vn -0.5942 0.0273 -0.8039
vn 0.5012 0.2524 -0.8277
vn -0.1303 0.9315 0.3397
vn 0.9981 0.0171 -0.0592
vn -0.2029 0.8778 0.4339
vn 0.9868 0.1056 0.1227
vn -0.6283 -0.6643 -0.4049
vn -0.4806 0.6521 0.5864
vn 0.8569 0.3570 0.3719
vn 0.2247 -0.5925 -0.7736
vn 0.4472 -0.4722 -0.7596
vn -0.4974 -0.6012 0.6254
vn 0.0968 0.4902 0.8662
vn 0.4108 -0.9099 0.0576
vn -0.9917 -0.0849 0.0962
vn -0.1933 0.5570 -0.8077
vn 0.1180 -0.5358 -0.8361
vn 0.6816 -0.7043 -0.1984
vn 0.9610 -0.1967 -0.1945
vn 0.4493 0.8912 0.0618
vn -0.1660 0.8891 0.4265
vn -0.6956 -0.7031 -0.1475
vn 0.0435 0.9646 0.2602
vn -0.5781 0.6458 0.4988
vn -0.4881 -0.6335 -0.6004
vn 0.9894 0.0752 0.1245
vn 0.6052 0.5436 0.5815
vn 0.3334 -0.5899 -0.7354
vn -0.9901 0.1230 0.0677
vn -0.0481 0.5673 0.8221
vn 0.2935 -0.9522 0.0849
vn -0.3369 -0.4352 0.8349
vn 0.8313 -0.5360 0.1469
vn 0.2400 0.8356 0.4941
vn -0.0913 -0.1370 0.9864
vn -0.2049 0.8397 -0.5029
vn -0.9423 -0.1266 0.3100
vn 0.8223 -0.4404 0.3605
vn 0.4721 0.6000 -0.6459
vn -0.7156 0.4751 -0.5121
vn -0.7892 0.3127 -0.5286
vn 0.4211 0.4312 -0.7980
vn -0.5620 -0.2929 0.7735
vn 0.2270 -0.5645 0.7936
vn -0.5977 -0.4101 -0.6889
vn -0.4357 -0.5857 0.6835
vn 0.8013 0.0478 -0.5963
vn 0.7494 -0.6607 -0.0436
vn 0.8387 -0.5329 0.1121
vn 0.4715 0.4916 0.7321
vn -0.3900 -0.1595 0.9069
vn -0.6449 0.6843 -0.3405
vn -0.2441 0.9427 -0.2275
vn 0.0942 -0.8486 0.5207
vn 0.6133 0.5814 -0.5347
vn 0.8577 0.4233 -0.2920
vn -0.8750 0.4181 -0.2439
vn 0.5048 0.4928 -0.7087
vn 0.3017 -0.6456 0.7015
vn 0.9426 -0.2818 0.1794
vn -0.6967 -0.2429 0.6750
vn 0.5441 0.2821 -0.7902
vn -0.7782 0.3940 -0.4891
vn 0.3085 -0.9506 0.0347
vn -0.5349 -0.5757 -0.6184
vn 0.5368 -0.8265 0.1696
vn 0.3683 0.7655 0.5275
vn 0.5245 -0.6578 0.5406
vn -0.7556 -0.1417 0.6395
vn -0.9377 0.3469 -0.0189
vn -0.1640 0.8983 -0.4076
vn 0.6358 0.7395 -0.2211
vn -0.9914 0.0038 0.1312
vn 0.9876 0.0080 -0.1567
vn 0.0373 -0.8873 0.4598
vn 0.8925 0.2871 -0.3478
vn -0.7188 0.5622 -0.4089
vn -0.2479 -0.7316 0.6351
vn -0.3640 -0.5512 0.7508
vn 0.1532 0.5942 -0.7896
vn 0.6166 -0.3418 -0.7092
vn -0.7622 -0.1977 -0.6164
vn 0.0685 -0.9013 0.4278
vn 0.0728 -0.9845 0.1593
vn -0.0710 -0.9919 0.1057
vn -0.0218 -0.9989 -0.0424
vn -0.3862 -0.9210 0.0505
vn -0.2359 -0.9707 -0.0449
vn -0.1783 -0.9631 0.2015
vn 0.0975 -0.9852 -0.1412
vn 0.2031 -0.9792 -0.0028
vn -0.4195 -0.8630 0.2815
vn 0.0350 -0.9091 0.4150
vn 0.2709 -0.9461 0.1774
vn -0.0229 -0.9491 -0.3141
vn -0.1607 -0.9636 -0.2134
vn -0.4289 -0.8784 -0.2110
vn 0.2959 -0.9388 -0.1763
vn -0.2485 -0.8894 -0.3838
vn -0.5304 -0.8428 -0.0909
vn -0.5918 -0.7889 0.1657
vn -0.1535 -0.8497 0.5044
vn -0.2096 -0.9121 0.3523
vn 0.4282 -0.9023 -0.0489
vn 0.1895 -0.9139 -0.3589
vn 0.4632 -0.8754 0.1382
vn -0.0069 -0.8727 -0.4882
vn -0.4070 -0.8325 -0.3759
vn -0.0602 -0.7581 0.6494
vn 0.4596 -0.8213 0.3379
vn 0.2087 -0.9161 0.3425
vn 0.4042 -0.8532 -0.3297
vn -0.2409 -0.8002 -0.5492
vn -0.6691 -0.7416 -0.0485
vn -0.5766 -0.6823 0.4494
vn 0.2260 -0.8150 -0.5335
vn -0.5704 -0.7016 -0.4271
vn -0.6646 -0.7077 -0.2398
vn -0.7621 -0.6401 0.0973
vn 0.6616 -0.7490 -0.0344
vn 0.5902 -0.7721 -0.2356
vn -0.1016 -0.7196 -0.6869
vn -0.7392 -0.6137 0.2774
vn -0.3516 -0.6210 0.7005
vn -0.3527 -0.7747 0.5247
vn 0.2596 -0.8086 0.5279
vn 0.0763 -0.6672 0.7409
vn 0.5243 -0.6883 0.5013
vn 0.4368 -0.7521 -0.4934
vn -0.4588 -0.7028 -0.5437
vn -0.2760 -0.6457 -0.7120
vn -0.8342 -0.5501 -0.0379
vn 0.3636 -0.6669 -0.6505
vn -0.7619 -0.5558 -0.3325
vn -0.8760 -0.4337 0.2110
vn -0.7663 -0.4567 0.4520
vn -0.5567 -0.5000 0.6634
vn -0.1824 -0.5335 0.8259
vn -0.4277 -0.5259 -0.7352
vn -0.6135 -0.5554 -0.5613
vn 0.1969 -0.5350 0.8216
vn 0.3314 -0.6636 0.6707
vn 0.4857 -0.4805 0.7302
vn 0.6783 -0.5523 0.4846
vn 0.6653 -0.7120 0.2247
vn 0.8009 -0.5926 0.0853
vn -0.0180 -0.5076 -0.8614
vn 0.0948 -0.7182 -0.6894
vn -0.8856 -0.3697 -0.2812
vn -0.0031 -0.4412 0.8974
vn 0.2047 -0.5201 -0.8292
vn -0.1953 -0.4225 -0.8851
vn -0.7437 -0.3853 -0.5463
vn 0.8427 -0.4724 0.2585
vn 0.8750 -0.4828 -0.0349
vn 0.7868 -0.5655 -0.2473
vn 0.4422 -0.5038 -0.7421
vn 0.6117 -0.6403 -0.4645
vn -0.9391 -0.3420 -0.0324
vn -0.9048 -0.2690 0.3300
vn -0.2341 -0.2937 0.9268
vn 0.2554 -0.3755 0.8910
vn 0.7172 -0.4613 -0.5224
vn -0.9464 -0.2999 0.1200
vn 0.0206 -0.2515 0.9676
vn 0.6320 -0.3213 0.7052
vn 0.7950 -0.3218 0.5142
vn 0.6310 -0.4024 -0.6633
vn 0.1270 -0.2438 -0.9615
vn -0.3395 -0.2097 -0.9169
vn -0.6671 -0.1945 -0.7192
vn -0.5296 -0.3723 -0.7622
vn -0.9453 -0.2528 0.2059
vn -0.5475 -0.2380 0.8023
vn -0.7056 -0.0687 0.7053
vn -0.7032 -0.3472 0.6204
vn 0.3762 -0.2090 0.9027
vn 0.8705 -0.2736 -0.4092
vn 0.5242 -0.2428 -0.8162
vn 0.3484 -0.2266 -0.9096
vn -0.9515 -0.2367 -0.1963
vn -0.9716 -0.2363 -0.0115
vn -0.9436 -0.1753 0.2810
vn -0.9062 -0.1269 0.4034
vn -0.1865 -0.0434 0.9815
vn 0.9638 -0.2601 0.0593
vn -0.1159 -0.1844 -0.9760
vn -0.5567 -0.0550 -0.8289
vn -0.9202 -0.0811 -0.3830
vn -0.8283 -0.1704 -0.5337
vn -0.5438 0.0499 0.8378
vn 0.9394 -0.2921 -0.1792
vn 0.7408 -0.2163 -0.6360
vn -0.9428 -0.1881 -0.2750
vn -0.3682 -0.0323 0.9292
vn 0.1771 -0.0475 0.9830
vn 0.6486 -0.1239 0.7510
vn -0.8412 0.0685 0.5363
vn -0.8309 -0.1616 0.5324
vn 0.8281 -0.0266 0.5599
vn 0.9767 -0.0490 0.2088
vn 0.9176 -0.2160 0.3337
vn -0.3699 0.0528 -0.9276
vn -0.7673 0.0664 -0.6378
vn -0.8928 0.1377 0.4288
vn -0.9012 -0.0210 0.4329
vn 0.3954 0.0089 0.9185
vn 0.9997 0.0189 -0.0134
vn 0.9556 -0.0442 -0.2915
vn 0.5035 0.0657 -0.8615
vn 0.2233 0.0608 -0.9729
vn -0.0581 0.0283 -0.9979
vn -0.8538 0.1693 -0.4924
vn -0.9367 0.0920 -0.3379
vn -0.6713 0.2376 0.7021
vn 0.6018 0.1412 0.7860
vn 0.7275 0.1135 0.6766
vn -0.6401 0.2351 -0.7314
vn -0.8843 0.3080 -0.3510
vn -0.9417 0.2132 -0.2602
vn -0.8163 0.3001 0.4935
vn -0.8865 0.2364 0.3977
vn -0.4043 0.2711 0.8735
vn -0.1728 0.2689 0.9475
vn -0.0108 0.0200 0.9997
vn 0.1863 0.1776 0.9663
vn -0.4542 0.2409 -0.8577
vn -0.8520 0.3679 0.3724
vn 0.2850 0.2870 -0.9145
vn -0.2263 0.2232 -0.9481
vn -0.6996 0.4069 -0.5874
vn -0.9174 0.3284 -0.2247
vn 0.9222 0.1057 0.3719
vn 0.8002 0.2476 0.5463
vn 0.9570 0.2418 0.1603
vn 0.6756 0.2231 -0.7027
vn 0.7191 -0.0333 -0.6941
vn 0.0076 0.2912 -0.9566
vn -0.8192 0.5267 0.2268
vn -0.8777 0.4544 0.1520
vn -0.8521 0.4165 0.3169
vn -0.7377 0.5037 0.4495
vn -0.5809 0.4432 0.6827
vn 0.5946 0.3588 0.7195
vn 0.4213 0.2023 0.8841
vn 0.8615 0.0547 -0.5048
vn 0.8406 0.2896 -0.4577
vn 0.9610 0.2012 -0.1897
vn -0.4408 0.4162 -0.7953
vn -0.7689 0.5116 -0.3834
vn -0.8514 0.4944 -0.1753
vn -0.9077 0.3883 -0.1589
vn -0.8918 0.4466 -0.0725
vn -0.3113 0.5342 0.7859
vn -0.1019 0.4471 0.8887
vn 0.1248 0.3353 0.9338
vn 0.8332 0.4145 0.3660
vn 0.5033 0.3777 -0.7772
vn -0.1855 0.4293 -0.8839
vn -0.8225 0.5686 0.0132
vn 0.8943 0.4473 -0.0109
vn 0.8592 0.4443 -0.2538
vn 0.6663 0.4265 -0.6116
vn 0.0308 0.5117 -0.8586
vn 0.0082 0.5950 0.8037
vn 0.8319 0.5149 0.2068
vn -0.3478 0.5770 -0.7390
vn -0.5453 0.5855 -0.5998
vn -0.6325 0.6731 0.3832
vn 0.5334 0.5280 0.6609
vn 0.3713 0.3796 0.8474
vn 0.7143 0.5339 -0.4525
vn -0.1557 0.6068 -0.7795
vn -0.6237 0.6763 -0.3920
vn -0.7244 0.6659 -0.1783
vn -0.6734 0.7162 0.1834
vn 0.5271 0.6424 -0.5562
vn -0.6638 0.7479 -0.0035
vn 0.0944 0.7491 0.6557
vn 0.2702 0.5515 0.7892
vn 0.7173 0.6398 -0.2759
vn -0.3701 0.7359 -0.5670
vn -0.3665 0.7493 0.5516
vn -0.4946 0.6341 0.5944
vn 0.4926 0.6896 0.5308
vn 0.3031 0.7427 0.5972
vn 0.6403 0.7011 0.3139
vn 0.7178 0.4889 0.4957
vn 0.6885 0.7232 0.0549
vn 0.7634 0.6418 -0.0722
vn 0.2325 0.7230 -0.6506
vn 0.3845 0.5158 -0.7656
vn 0.1617 0.5664 -0.8081
vn -0.1046 0.7526 -0.6501
vn -0.4200 0.8061 -0.4169
vn -0.5576 0.8176 -0.1437
vn -0.4448 0.8571 -0.2598
vn -0.1713 0.8567 0.4865
vn -0.1732 0.7085 0.6841
vn 0.4432 0.7894 -0.4247
vn -0.2064 0.9011 -0.3814
vn -0.2770 0.9284 0.2476
vn -0.5006 0.8582 0.1140
vn -0.4482 0.8196 0.3569
vn 0.0245 0.8699 0.4927
vn 0.2236 0.8821 0.4147
vn 0.4032 0.8559 0.3238
vn 0.5104 0.8453 0.1578
vn 0.1583 0.8632 -0.4794
vn -0.3151 0.9468 0.0648
vn -0.0321 0.9583 0.2838
vn 0.4225 0.9058 0.0311
vn 0.5518 0.8112 -0.1933
vn -0.0193 0.9542 -0.2985
vn -0.0190 0.8626 -0.5056
vn -0.1272 0.9898 0.0641
vn 0.2281 0.9538 0.1957
vn 0.3278 0.9342 -0.1408
vn 0.3374 0.8834 -0.3252
vn 0.1943 0.9456 -0.2609
vn -0.1586 0.9791 -0.1271
vn -0.3381 0.9347 -0.1096
vn 0.0782 0.9924 0.0945
vn 0.2105 0.9772 -0.0272
vn 0.0176 0.9971 -0.0747
vn -0.9914 0.1067 0.0754
vn -0.4771 0.6979 -0.5341
vn -0.6681 -0.3881 -0.6349
vn 0.0790 0.9926 0.0924
vn 0.1547 0.5762 0.8025
vn 0.5648 -0.2026 0.8000
vn 0.4480 -0.8847 -0.1292
vn 0.9914 -0.1067 -0.0754
vn -0.5835 -0.6486 0.4887
vn 0.5035 -0.0776 -0.8605
vn -0.4372 -0.1319 0.8896
vn -0.4744 -0.8539 -0.2142
vn 0.6112 0.3380 0.7156
vn 0.2686 0.8765 0.3996
vn 0.5192 0.7957 -0.3120
vn -0.3045 -0.7563 0.5790
vn 0.2579 -0.4015 -0.8788
vn -0.4212 0.4635 -0.7796
vn -0.4285 0.8739 -0.2296
vn -0.4350 -0.3064 -0.8467
vn 0.1891 0.8916 0.4115
vn 0.1452 0.6178 0.7728
vn 0.5045 -0.1824 0.8439
vn 0.2189 -0.9408 -0.2589
vn -0.4498 -0.6658 0.5953
vn 0.4153 0.4280 -0.8027
vn -0.4876 0.4739 0.7332
vn -0.6061 -0.2423 0.7576
vn 0.6874 0.6830 0.2470
vn 0.1020 0.9939 -0.0420
vn 0.6764 -0.0841 0.7317
vn 0.5728 -0.7049 0.4185
vn -0.6730 -0.7329 0.1000
vn -0.1024 -0.3408 -0.9345
vn -0.1726 -0.4275 -0.8874
vn 0.0029 0.5824 -0.8129
vn -0.5831 -0.1363 0.8009
vn 0.6466 -0.0647 0.7601
vn -0.4720 0.7119 0.5200
vn 0.5757 -0.7469 0.3328
vn -0.6678 -0.7182 0.1955
vn -0.0685 -0.3686 -0.9271
vn -0.1499 -0.8062 -0.5723
vn 0.0266 0.8241 -0.5658
vn -0.0065 0.4596 -0.8881
vn 0.6923 0.7040 0.1584
vn -0.0000 -0.0000 1.0000
vn 0.3721 0.9212 0.1132
vn 0.7180 0.6853 -0.1216
vn 0.2344 0.9720 -0.0166
vn 0.5697 0.7966 0.2022
vn 0.8450 0.3655 0.3904
vn 0.6152 0.7501 0.2426
vn 0.5173 0.7737 0.3658
vn 0.4142 0.7580 0.5039
vn 0.3556 0.6941 0.6260
vn 0.3603 0.5916 0.7212
vn 0.4259 0.4631 0.7773
vn 0.5309 0.3194 0.7850
vn 0.6466 0.1742 0.7426
vn 0.5488 0.0486 0.8345
vn 0.7658 -0.2817 0.5781
vn 0.6687 0.1153 0.7345
vn 0.3973 -0.0521 0.9162
vn 0.2762 -0.1740 0.9452
vn -0.7675 -0.5726 0.2881
vn -0.6234 0.2285 0.7478
vn -0.8085 -0.2446 -0.5352
vn 0.2184 -0.3085 0.9258
vn 0.2406 -0.4410 0.8646
vn 0.3310 -0.5518 0.7654
vn 0.4598 -0.6242 0.6317
vn 0.5345 -0.6534 0.5361
vn 0.2126 -0.8451 0.4905
vn 0.6031 -0.7750 0.1888
vn 0.4260 -0.7331 0.5301
vn 0.0613 -0.9188 0.3899
vn 0.0315 -0.9685 0.2469
vn 0.1340 -0.9865 0.0939
vn 0.3192 -0.9464 -0.0491
vn 0.4671 -0.8725 -0.1435
vn 0.2618 -0.9103 -0.3205
vn 0.6642 -0.5850 -0.4655
vn 0.4169 -0.8864 -0.2015
vn 0.1321 -0.8862 -0.4440
vn 0.0573 -0.8234 -0.5646
vn 0.0567 -0.7353 -0.6754
vn 0.1305 -0.6325 -0.7635
vn 0.2600 -0.5190 -0.8143
vn 0.4160 -0.3992 -0.8171
vn 0.5662 -0.2843 -0.7736
vn 0.7083 0.2317 -0.6668
vn 0.6214 -0.2245 -0.7506
vn 0.5404 -0.1573 -0.8266
vn 0.3919 -0.0400 -0.9192
vn 0.2433 0.1011 -0.9647
vn 0.1297 0.2489 -0.9598
vn 0.0800 0.3908 -0.9170
vn 0.1100 0.5153 -0.8499
vn 0.2145 0.6083 -0.7642
vn 0.3698 0.6567 -0.6573
vn 0.5410 0.6520 -0.5312
vn 0.6257 0.6370 -0.4502
vn 0.3474 0.8843 -0.3120
vn 0.5304 0.7418 -0.4104
vn 0.2261 0.9589 -0.1717
vn -0.6857 0.7213 0.0976
vn -0.7726 0.4446 -0.4532
vn 0.6847 0.7255 0.0697
vn 0.7828 0.5390 -0.3110
vn 0.5398 0.8416 -0.0201
vn 0.8043 0.5733 0.1563
vn 0.7614 0.3080 0.5705
vn 0.8011 0.5840 0.1308
vn 0.6765 0.6717 0.3020
vn 0.5025 0.7295 0.4640
vn 0.3167 0.7233 0.6137
vn 0.1689 0.6575 0.7343
vn -0.6634 0.7116 0.2314
vn -0.8310 -0.5551 0.0357
vn -0.7799 -0.2740 0.5627
vn 0.0957 0.5509 0.8291
vn 0.1158 0.4200 0.9001
vn 0.2220 0.2752 0.9354
vn 0.3863 0.1217 0.9143
vn 0.5644 -0.0240 0.8252
vn 0.7118 -0.1396 0.6884
vn 0.7855 -0.2040 0.5843
vn 0.6108 -0.3644 0.7029
vn 0.6897 -0.6323 0.3528
vn 0.7472 -0.2533 0.6144
vn 0.4395 -0.4866 0.7551
vn 0.2627 -0.6040 0.7524
vn 0.1202 -0.7079 0.6960
vn 0.0432 -0.7997 0.5988
vn 0.0489 -0.8784 0.4754
vn 0.1329 -0.9320 0.3372
vn 0.2727 -0.9428 0.1915
vn 0.4343 -0.8993 0.0517
vn 0.5823 -0.8104 -0.0649
vn 0.5693 -0.8168 -0.0936
vn 0.6703 -0.5956 -0.4427
vn 0.4130 -0.8880 -0.2021
vn 0.2626 -0.9098 -0.3214
vn 0.1414 -0.8841 -0.4454
vn 0.0783 -0.8204 -0.5664
vn 0.0911 -0.7317 -0.6755
vn 0.1760 -0.6278 -0.7582
vn 0.3108 -0.5124 -0.8006
vn 0.4641 -0.3920 -0.7943
vn 0.4754 -0.3492 -0.8075
vn 0.2603 -0.1290 -0.9569
vn 0.7316 -0.0202 -0.6815
vn 0.3584 -0.2539 -0.8984
vn 0.2145 0.0097 -0.9767
vn 0.2389 0.1445 -0.9602
vn 0.3282 0.2569 -0.9090
vn 0.4576 0.3355 -0.8234
vn 0.5838 0.3760 -0.7196
vn 0.5726 0.4227 -0.7024
vn -0.7480 0.5098 -0.4249
vn -0.8119 -0.1535 -0.5633
vn 0.4382 0.5793 -0.6873
vn 0.3125 0.7172 -0.6229
vn 0.2284 0.8235 -0.5193
vn 0.2115 0.8950 -0.3927
vn 0.2705 0.9269 -0.2600
vn 0.3900 0.9112 -0.1332
vn 0.2713 -0.9025 -0.3346
vn 0.2845 -0.9302 0.2319
vn -0.2006 -0.9688 -0.1457
vn -0.1646 -0.9430 0.2893
vn -0.6981 -0.6600 0.2775
vn -0.3832 -0.7818 -0.4918
vn 0.7695 -0.6365 -0.0529
vn -0.0057 -0.5930 -0.8052
vn 0.6267 -0.5381 -0.5637
vn -0.5706 -0.4789 0.6672
vn -0.0595 -0.7593 0.6480
vn 0.1795 -0.3184 0.9308
vn 0.5242 -0.4969 0.6916
vn -0.6269 -0.4405 -0.6426
vn -0.6985 -0.7086 -0.1003
vn 0.3710 -0.2556 -0.8928
vn 0.9369 -0.1077 0.3326
vn 0.6832 -0.6393 0.3529
vn 0.9443 -0.1373 -0.2992
vn -0.2473 -0.1008 -0.9637
vn 0.6787 0.2173 -0.7016
vn -0.0170 0.1934 0.9810
vn -0.2682 -0.3449 0.8995
vn -0.6616 0.1498 -0.7348
vn -0.9633 0.1771 -0.2015
vn -0.9122 -0.2595 -0.3170
vn -0.9384 -0.0285 0.3444
vn 0.2309 0.3104 -0.9221
vn 0.7329 0.2412 0.6362
vn 0.4724 0.0705 0.8786
vn -0.5475 0.6661 0.5064
vn -0.5834 0.1593 0.7964
vn -0.1987 0.3973 -0.8959
vn -0.8383 0.5106 -0.1914
vn 0.3332 0.6348 0.6972
vn -0.4637 0.6350 -0.6179
vn 0.1453 0.7517 -0.6433
vn 0.4451 0.8431 -0.3018
vn 0.8689 0.4140 -0.2712
vn 0.6380 0.7306 0.2431
vn 0.9125 0.3957 0.1034
vn -0.4158 0.8542 -0.3121
vn -0.3624 0.9305 0.0537
vn -0.7475 0.6395 0.1795
vn 0.0841 0.9560 0.2810
vn -0.1142 0.6480 0.7530
vn -0.0203 0.9849 -0.1717
vn -0.2676 -0.9633 -0.0192
vn -0.1151 -0.8788 -0.4631
vn 0.2130 -0.9592 -0.1860
vn -0.1728 -0.8585 0.4828
vn 0.0920 -0.9762 0.1966
vn 0.6245 -0.7624 0.1693
vn -0.6593 -0.7391 0.1380
vn -0.5105 -0.6960 0.5049
vn 0.6456 -0.7235 -0.2444
vn -0.4825 -0.3865 0.7860
vn 0.2827 -0.8001 0.5290
vn 0.0302 -0.5262 0.8498
vn 0.5579 -0.4917 0.6685
vn -0.9196 -0.3440 0.1897
vn 0.9170 -0.2518 0.3095
vn 0.9144 -0.2965 -0.2756
vn -0.8061 -0.2948 -0.5131
vn -0.3864 -0.5585 -0.7340
vn -0.6458 -0.7024 -0.2994
vn -0.1889 0.0059 0.9820
vn 0.5397 -0.1215 0.8331
vn 0.0606 -0.4350 -0.8984
vn 0.6805 -0.2203 -0.6988
vn 0.4242 -0.6487 -0.6319
vn -0.7558 0.0897 0.6487
vn 0.3803 0.1325 -0.9153
vn -0.9576 0.0666 -0.2804
vn 0.9608 0.2306 0.1537
vn 0.1877 0.3303 0.9250
vn 0.7930 0.2680 -0.5471
vn -0.9558 0.2080 0.2078
vn 0.6577 0.3322 0.6761
vn -0.7041 0.5135 -0.4905
vn -0.5744 0.0542 -0.8168
vn -0.8492 0.5233 0.0709
vn -0.2528 0.5655 0.7850
vn 0.7703 0.6278 -0.1119
vn 0.5355 0.7309 -0.4231
vn 0.1749 0.6223 -0.7630
vn -0.1809 0.1297 -0.9749
vn -0.2954 0.7224 -0.6252
vn -0.5879 0.5718 0.5722
vn 0.5750 0.7659 0.2877
vn 0.2687 0.7538 0.5996
vn -0.5748 0.8180 0.0191
vn -0.0845 0.9173 0.3891
vn -0.0863 0.9469 -0.3097
vn -0.2530 0.9610 0.1119
vn 0.2229 0.9730 -0.0601
vn 0.1559 -0.9518 0.2642
vn -0.3302 -0.7284 0.6003
vn -0.1091 -0.9534 -0.2813
vn 0.3950 -0.6844 0.6128
vn 0.5972 0.0515 0.8005
vn -0.0189 -0.3541 0.9350
vn 0.4342 0.6340 0.6399
vn -0.3441 0.7088 0.6158
vn -0.0115 0.3370 0.9414
vn -0.3602 -0.7942 -0.4894
vn -0.3848 -0.3970 -0.8333
vn 0.3946 0.4689 0.7902
vn 0.0935 0.9516 0.2927
vn -0.6239 0.7448 0.2368
vn 0.3118 -0.2451 0.9180
vn 0.4483 -0.2633 0.8543
vn -0.2730 0.4248 -0.8631
vn -0.3995 0.5055 -0.7647
vn -0.1010 -0.7938 -0.5998
vn 0.1335 0.4783 0.8680
vn 0.0355 -0.5798 0.8140
vn 0.0926 -0.8769 0.4717
vn -0.2016 -0.2364 -0.9505
vn -0.0840 0.5094 -0.8564
vn 0.0260 0.7562 0.6538
vn -0.0271 0.1833 0.9827
vn -0.0095 0.9992 0.0385
vn -0.1084 0.9348 -0.3383
vn 0.0727 0.8532 -0.5165
vn 0.0042 -0.8582 -0.5134
vn 0.0538 -0.9908 -0.1241
vn 0.0995 0.2575 -0.9611
vn 0.0647 -0.2326 0.9704
vn -0.2234 0.1185 0.9675
vn 0.1779 -0.4987 -0.8483
vn 0.3142 0.2144 -0.9248
vn -0.3455 -0.5861 0.7328
vn -0.2612 0.6408 0.7219
vn 0.1530 0.9511 -0.2684
vn 0.3159 -0.5076 -0.8016
vn -0.2429 0.0911 0.9658
vn -0.5207 0.0322 0.8531
vn 0.1412 -0.9824 -0.1225
vn 0.3573 -0.7855 -0.5052
vn -0.1551 0.9523 0.2628
vn 0.4618 0.4583 -0.7594
vn 0.2112 0.6962 -0.6861
vn 0.4953 -0.2336 -0.8367
vn -0.3623 -0.8066 0.4671
vn -0.5721 0.5082 0.6438
vn 0.6921 -0.2101 -0.6906
vn 0.6293 0.2655 -0.7304
vn 0.3990 0.8148 -0.4205
vn 0.2103 0.9725 -0.1006
vn -0.2962 -0.9473 0.1222
vn -0.7136 -0.4112 0.5672
vn -0.6173 -0.2058 0.7593
vn -0.6861 0.5880 0.4284
vn -0.7843 0.0593 0.6175
vn 0.7798 0.2773 -0.5613
vn 0.7369 -0.4950 -0.4603
vn -0.5540 0.6138 0.5625
vn 0.8575 0.2485 -0.4505
vn -0.9023 0.1300 0.4109
vn -0.2897 0.9509 0.1092
vn 0.7185 -0.6772 -0.1586
vn 0.9097 -0.2472 -0.3336
vn 0.3073 -0.9407 -0.1439
vn -0.7504 0.6412 0.1606
vn -0.9764 0.0702 0.2042
vn -0.7538 -0.5512 0.3578
vn -0.8188 -0.5499 0.1647
vn 0.3377 0.9408 -0.0278
vn 0.7089 0.6576 -0.2551
vn 0.9448 0.2507 -0.2110
vn 0.9656 -0.2505 -0.0699
vn 0.8766 0.4797 -0.0383
vn -0.2418 -0.9696 -0.0388
vn -0.8486 0.5280 0.0340
vn -0.9946 -0.1022 0.0178
vn 0.7102 -0.6983 0.0897
vn 0.3419 -0.9397 -0.0094
vn -0.9653 -0.1029 -0.2401
vn -0.7118 -0.7019 -0.0270
vn -0.8557 0.4454 -0.2635
vn -0.3545 0.9337 -0.0499
vn -0.5833 -0.7794 -0.2286
vn 0.1854 0.9750 0.1224
vn 0.5239 0.8296 0.1930
vn 0.8155 0.5608 0.1428
vn 0.8066 -0.4788 0.3466
vn 0.9794 -0.1495 0.1359
vn 0.8925 0.2405 0.3815
vn 0.4238 -0.8943 0.1434
vn -0.4975 0.8273 -0.2609
vn -0.8007 0.3366 -0.4955
vn 0.7244 0.4624 0.5113
vn -0.5097 -0.6954 -0.5066
vn -0.8452 -0.2552 -0.4696
vn 0.4073 0.7861 0.4649
vn -0.2724 0.6842 0.6765
vn 0.6602 0.2549 0.7066
vn -0.0194 0.0143 0.9997
vn 0.5919 -0.5200 0.6158
vn -0.6560 -0.7268 0.2035
vn -0.2337 -0.9484 -0.2142
vn 0.2260 -0.9630 0.1468
vn -0.9326 -0.3147 -0.1765
vn -0.6932 -0.2654 -0.6701
vn -0.6392 0.2891 -0.7127
vn -0.9225 0.3499 -0.1631
vn -0.6527 0.7277 0.2110
vn -0.3720 0.8324 -0.4107
vn 0.3196 -0.9051 -0.2803
vn 0.1899 -0.9698 0.1532
vn -0.1442 -0.9893 -0.0206
vn -0.1555 -0.8538 0.4969
vn -0.5883 -0.7956 0.1447
vn -0.5482 -0.7889 -0.2777
vn 0.3445 -0.7894 0.5081
vn -0.6193 -0.6039 0.5018
vn 0.0753 -0.5044 0.8602
vn 0.6961 -0.5803 -0.4227
vn 0.6544 -0.7477 0.1133
vn 0.3627 -0.5467 -0.7547
vn -0.1278 -0.8170 -0.5622
vn -0.4695 -0.3630 0.8048
vn -0.8985 -0.4380 0.0279
vn 0.6675 -0.3886 0.6352
vn -0.9735 -0.0930 0.2088
vn 0.2145 -0.0607 0.9748
vn 0.9904 0.0372 -0.1331
vn 0.9163 -0.3991 0.0335
vn 0.7618 -0.1384 -0.6329
vn -0.5993 -0.3386 -0.7254
vn -0.3075 -0.0842 -0.9478
vn -0.0267 -0.4079 -0.9126
vn -0.3292 0.1907 0.9248
vn 0.9326 0.0950 0.3483
vn 0.3809 0.0783 -0.9213
vn -0.7271 0.1518 0.6696
vn 0.6977 0.2872 0.6563
vn -0.0734 0.3334 -0.9399
vn -0.6688 0.3193 -0.6714
vn -0.8870 -0.2534 -0.3859
vn 0.7445 0.4062 -0.5299
vn -0.8492 0.4924 -0.1907
vn 0.7809 0.6220 0.0581
vn 0.3814 0.7229 -0.5762
vn -0.5044 0.6992 0.5067
vn -0.8859 0.3602 0.2921
vn 0.3871 0.8029 0.4533
vn 0.1408 0.4898 0.8604
vn -0.0615 0.7861 -0.6150
vn -0.3832 0.8308 -0.4036
vn 0.4705 0.8710 -0.1412
vn -0.4446 0.8916 0.0856
vn 0.0644 0.9973 -0.0360
vn -0.0534 0.8823 0.4677
vn 0.3055 -0.9517 0.0316
vn 0.1306 -0.9814 0.1404
vn 0.0873 -0.9929 -0.0805
vn -0.3042 -0.9521 -0.0322
vn -0.0668 -0.9962 -0.0560
vn -0.0818 -0.9929 0.0867
vn -0.4012 -0.9071 0.1274
vn -0.1164 -0.9709 0.2093
vn 0.0376 -0.9093 0.4145
vn 0.4012 -0.9071 -0.1274
vn 0.1135 -0.9715 -0.2080
vn -0.0385 -0.9086 -0.4159
vn -0.2058 -0.9514 -0.2292
vn -0.4120 -0.8436 0.3445
vn -0.2015 -0.9070 0.3697
vn 0.2510 -0.9285 0.2735
vn 0.2242 -0.8334 0.5051
vn 0.4528 -0.8355 0.3112
vn 0.4120 -0.8436 -0.3445
vn 0.2015 -0.9070 -0.3697
vn -0.2254 -0.8364 -0.4996
vn -0.4466 -0.8387 -0.3117
vn -0.6545 -0.7254 0.2132
vn -0.5365 -0.8403 -0.0780
vn -0.0407 -0.7699 0.6369
vn 0.6545 -0.7254 -0.2132
vn 0.5376 -0.8395 0.0788
vn 0.0407 -0.7699 -0.6369
vn -0.7281 -0.6841 -0.0438
vn -0.5339 -0.6823 0.4994
vn -0.2476 -0.7781 0.5772
vn 0.1079 -0.6624 0.7414
vn 0.3745 -0.6897 0.6197
vn 0.7288 -0.6834 0.0434
vn 0.5339 -0.6823 -0.4994
vn 0.2476 -0.7781 -0.5772
vn -0.1079 -0.6624 -0.7414
vn -0.3745 -0.6897 -0.6197
vn -0.2902 -0.5939 0.7503
vn 0.2902 -0.5939 -0.7503
vn -0.8919 -0.4403 0.1034
vn -0.8075 -0.4456 0.3864
vn -0.0651 -0.4330 0.8990
vn 0.8512 -0.4870 0.1956
vn 0.6852 -0.6456 0.3372
vn 0.8920 -0.4399 -0.1039
vn 0.8075 -0.4456 -0.3864
vn 0.0651 -0.4330 -0.8990
vn -0.8511 -0.4872 -0.1958
vn -0.6852 -0.6456 -0.3372
vn 0.6314 -0.3686 0.6822
vn 0.4212 -0.4901 0.7632
vn 0.5710 -0.6287 0.5279
vn 0.7793 -0.3892 0.4911
vn -0.6314 -0.3686 -0.6822
vn -0.4212 -0.4901 -0.7632
vn -0.5710 -0.6287 -0.5279
vn -0.7793 -0.3892 -0.4911
vn -0.9455 -0.2394 0.2209
vn -0.7561 -0.2570 0.6019
vn -0.6863 -0.5056 0.5228
vn -0.5527 -0.4658 0.6910
vn -0.3397 -0.3562 0.8705
vn -0.5678 -0.2599 0.7811
vn 0.4617 -0.2176 0.8599
vn 0.2227 -0.4190 0.8803
vn 0.8960 -0.1780 0.4069
vn 0.9455 -0.2394 -0.2209
vn 0.7561 -0.2570 -0.6019
vn 0.6863 -0.5056 -0.5228
vn 0.5527 -0.4658 -0.6910
vn 0.3397 -0.3562 -0.8705
vn 0.5678 -0.2599 -0.7811
vn -0.4617 -0.2176 -0.8599
vn -0.2227 -0.4190 -0.8803
vn -0.8960 -0.1780 -0.4069
vn -0.9001 -0.0649 0.4308
vn -0.4875 -0.0463 0.8719
vn -0.2349 -0.1318 0.9630
vn 0.7583 -0.1218 0.6404
vn 0.9894 -0.1108 0.0940
vn 0.9417 -0.2730 0.1966
vn 0.9001 -0.0649 -0.4308
vn 0.4875 -0.0463 -0.8719
vn 0.2349 -0.1318 -0.9630
vn -0.7583 -0.1218 -0.6404
vn -0.9894 -0.1109 -0.0941
vn -0.9417 -0.2730 -0.1966
vn -0.7170 -0.0279 0.6965
vn 0.3062 -0.0103 0.9519
vn 0.0592 -0.1640 0.9847
vn 0.6173 0.0079 0.7867
vn 0.7170 -0.0279 -0.6965
vn -0.3062 -0.0103 -0.9519
vn -0.0592 -0.1640 -0.9847
vn -0.6173 0.0079 -0.7867
vn -0.7791 0.1346 0.6123
vn -0.2437 0.1410 0.9596
vn 0.8439 0.1045 0.5262
vn 0.9446 0.1190 0.3059
vn 0.7791 0.1346 -0.6123
vn 0.2437 0.1410 -0.9596
vn -0.8439 0.1045 -0.5262
vn -0.9446 0.1190 -0.3059
vn -0.9291 0.2368 0.2842
vn -0.9827 0.0108 0.1849
vn -0.8330 0.3119 0.4571
vn -0.6392 0.2581 0.7244
vn 0.2424 0.2476 0.9381
vn -0.0043 0.1080 0.9941
vn 0.5147 0.2487 0.8205
vn 0.7277 0.2537 0.6373
vn 0.9291 0.2368 -0.2842
vn 0.9827 0.0108 -0.1849
vn 0.8330 0.3119 -0.4571
vn 0.6392 0.2581 -0.7244
vn -0.2424 0.2476 -0.9381
vn 0.0043 0.1080 -0.9941
vn -0.5147 0.2487 -0.8205
vn -0.7277 0.2537 -0.6373
vn 0.0005 0.3768 0.9263
vn 0.8220 0.3874 0.4174
vn 0.9112 0.3655 0.1902
vn 0.9892 0.1460 0.0123
vn -0.0005 0.3768 -0.9263
vn -0.8220 0.3874 -0.4174
vn -0.9112 0.3655 -0.1902
vn -0.9892 0.1460 -0.0123
vn -0.8331 0.5064 0.2227
vn -0.9010 0.4337 0.0132
vn -0.7112 0.4860 0.5079
vn -0.4967 0.4576 0.7375
vn -0.4086 0.2549 0.8764
vn -0.2712 0.4707 0.8396
vn 0.3306 0.4859 0.8091
vn 0.5821 0.5191 0.6259
vn 0.8331 0.5064 -0.2227
vn 0.9012 0.4333 -0.0136
vn 0.7112 0.4860 -0.5079
vn 0.4967 0.4576 -0.7375
vn 0.4086 0.2549 -0.8764
vn 0.2712 0.4707 -0.8396
vn -0.3306 0.4859 -0.8091
vn -0.5821 0.5191 -0.6259
vn -0.5486 0.5906 0.5918
vn 0.6668 0.5764 0.4724
vn 0.7356 0.6387 0.2258
vn 0.5486 0.5906 -0.5918
vn -0.6668 0.5764 -0.4724
vn -0.7356 0.6387 -0.2258
vn -0.7216 0.6895 0.0625
vn -0.6484 0.6820 0.3383
vn -0.2612 0.6818 0.6833
vn -0.0462 0.5366 0.8426
vn 0.0765 0.6842 0.7252
vn 0.3492 0.6865 0.6378
vn 0.7220 0.6891 -0.0624
vn 0.6484 0.6820 -0.3383
vn 0.2612 0.6818 -0.6833
vn 0.0462 0.5366 -0.8426
vn -0.0765 0.6842 -0.7252
vn -0.3492 0.6865 -0.6378
vn -0.4131 0.7720 0.4832
vn 0.4292 0.7822 0.4516
vn 0.5539 0.7793 0.2932
vn 0.4131 0.7720 -0.4832
vn -0.4292 0.7822 -0.4516
vn -0.5539 0.7793 -0.2932
vn -0.5502 0.8337 0.0472
vn -0.4301 0.8511 0.3013
vn -0.1396 0.8492 0.5093
vn 0.1267 0.8426 0.5234
vn 0.5486 0.8347 -0.0478
vn 0.4245 0.8547 -0.2989
vn 0.1394 0.8470 -0.5130
vn -0.1254 0.8447 -0.5204
vn 0.2411 0.9077 0.3435
vn 0.4133 0.8987 0.1467
vn -0.2345 0.9094 -0.3434
vn -0.4129 0.8990 -0.1461
vn -0.2933 0.9537 0.0665
vn -0.2484 0.9265 0.2827
vn -0.0661 0.9557 0.2868
vn 0.2957 0.9527 -0.0694
vn 0.1428 0.9349 -0.3249
vn 0.1554 0.9680 0.1972
vn -0.1496 0.9662 -0.2099
vn -0.0406 0.9963 0.0756
vn 0.1187 0.9919 0.0450
vn -0.1145 0.9920 -0.0529
vn 0.0666 0.9817 -0.1786
vn 0.1207 -0.7806 0.6133
vn -0.3953 -0.3602 0.8450
vn -0.9630 -0.0285 -0.2680
vn -0.8856 0.4634 0.0315
vn 0.0605 0.9813 -0.1825
vn -0.1252 -0.9260 -0.3562
vn 0.0663 0.6183 -0.7831
vn -0.1117 0.9857 0.1262
vn -0.1245 0.9921 -0.0139
vn -0.1747 0.9493 0.2613
vn -0.2935 0.8794 0.3749
vn -0.5737 0.6544 0.4926
vn -0.4376 0.7762 0.4540
vn -0.5704 0.6356 0.5203
vn -0.4021 0.6333 0.6612
vn -0.2145 0.5782 0.7872
vn -0.0501 0.4742 0.8790
vn 0.0519 0.3413 0.9385
vn 0.0679 0.1984 0.9778
vn -0.7153 -0.2327 0.6589
vn -0.0082 0.0625 0.9980
vn -0.1597 -0.0564 0.9855
vn -0.3547 -0.1503 0.9228
vn -0.5475 -0.2096 0.8101
vn -0.6229 -0.3936 0.6761
vn -0.7322 -0.2425 0.6365
vn -0.4824 -0.5568 0.6762
vn -0.3337 -0.7065 0.6241
vn -0.2132 -0.8230 0.5265
vn -0.1530 -0.9033 0.4007
vn -0.1723 -0.9490 0.2641
vn -0.2683 -0.9543 0.1315
vn -0.4173 -0.9087 0.0111
vn -0.5832 -0.8075 -0.0881
vn -0.7288 -0.6666 -0.1569
vn -0.7998 -0.5683 -0.1931
vn -0.7595 -0.5941 -0.2650
vn -0.6365 -0.6506 -0.4142
vn -0.4914 -0.6626 -0.5652
vn -0.3550 -0.6219 -0.6980
vn -0.2614 -0.5351 -0.8034
vn -0.2354 -0.4145 -0.8791
vn -0.2838 -0.2747 -0.9187
vn -0.3903 -0.1274 -0.9118
vn -0.6416 0.1684 -0.7483
vn -0.5255 0.0148 -0.8507
vn -0.6561 0.1354 -0.7424
vn -0.5094 0.8037 -0.3076
vn -0.5223 0.7826 -0.3387
vn -0.3746 0.4015 -0.8357
vn -0.4991 0.2824 -0.8192
vn -0.2897 0.5219 -0.8023
vn -0.2679 0.6343 -0.7252
vn -0.3131 0.7237 -0.6150
vn -0.4070 0.7758 -0.4821
vn -0.3476 0.9062 -0.2409
vn -0.2109 0.9674 -0.1405
vn -0.1255 0.9874 0.0969
vn -0.2541 0.9669 -0.0237
vn -0.0570 0.9713 0.2310
vn -0.4062 0.6717 0.6196
vn -0.2851 0.7667 0.5753
vn -0.0664 0.9280 0.3666
vn -0.1498 0.8607 0.4866
vn -0.4826 -0.0954 0.8706
vn -0.4311 -0.1811 0.8839
vn -0.3408 0.6511 0.6781
vn -0.5131 0.3089 0.8008
vn -0.0925 0.5869 0.8044
vn 0.0974 0.4632 0.8809
vn 0.1726 0.3159 0.9330
vn 0.1066 0.1746 0.9789
vn -0.0803 0.0544 0.9953
vn -0.3364 -0.0423 0.9408
vn -0.6032 -0.6907 0.3988
vn -0.6153 -0.6625 0.4271
vn -0.3366 -0.3228 0.8846
vn -0.2853 -0.4573 0.8423
vn -0.2964 -0.5705 0.7659
vn -0.3699 -0.6477 0.6661
vn -0.4856 -0.6791 0.5505
vn -0.4769 -0.8246 0.3042
vn -0.3829 -0.9054 0.1834
vn -0.3368 -0.9405 0.0455
vn -0.3563 -0.9297 -0.0927
vn -0.4368 -0.8738 -0.2137
vn -0.7317 -0.5608 -0.3874
vn -0.6786 -0.6403 -0.3600
vn -0.5543 -0.7743 -0.3053
vn -0.6607 -0.5713 -0.4870
vn -0.5219 -0.5684 -0.6361
vn -0.3884 -0.5167 -0.7630
vn -0.2934 -0.4217 -0.8579
vn -0.2630 -0.2948 -0.9186
vn -0.3051 -0.1516 -0.9402
vn -0.6272 0.2180 -0.7477
vn -0.5854 0.2743 -0.7629
vn -0.4042 -0.0066 -0.9146
vn -0.5316 0.1264 -0.8375
vn -0.4391 0.3909 -0.8090
vn -0.3085 0.5101 -0.8029
vn -0.5389 0.8220 -0.1843
vn -0.5113 0.8240 -0.2442
vn -0.2262 0.6249 -0.7472
vn -0.2148 0.7274 -0.6517
vn -0.2745 0.8031 -0.5288
vn -0.3834 0.8378 -0.3886
vn -0.4131 0.9025 -0.1216
vn -0.9719 -0.1938 -0.1339
vn -0.6976 -0.6972 0.1649
vn -0.4965 0.5157 -0.6982
vn -0.5693 -0.2346 -0.7880
vn -0.9077 0.4160 -0.0560
vn -0.0225 -0.2779 -0.9603
vn 0.5584 -0.6829 -0.4709
vn 0.4120 0.8537 -0.3185
vn 0.7394 -0.4173 0.5284
vn -0.2715 -0.6897 0.6713
vn -0.9914 0.1067 0.0753
vn -0.9915 0.1065 0.0753
vn -0.9914 0.1067 0.0755
vn -0.9914 0.1065 0.0754
vn -0.9914 0.1067 0.0756
vt 0.511231 0.302321
vt 0.744518 0.495665
vt 0.582227 0.219110
vt 0.681030 0.499618
vt 0.318151 0.500576
vt 0.512101 0.728479
vt 0.471281 0.253010
vt 0.255542 0.488535
vt 0.417773 0.780890
vt 0.034399 0.929083
vt 0.057154 0.956666
vt 0.117336 0.736286
vt 0.222093 0.899377
vt 0.193270 0.578246
vt 0.069531 0.034102
vt 0.050911 0.071597
vt 0.264906 0.120811
vt 0.036458 0.036458
vt 0.103185 0.220712
vt 0.211731 0.418580
vt 0.408703 0.224176
vt 0.435770 0.168871
vt 0.169557 0.438305
vt 0.965601 0.070917
vt 0.929961 0.045694
vt 0.882665 0.263714
vt 0.777907 0.100623
vt 0.806730 0.421754
vt 0.944352 0.964393
vt 0.949088 0.928403
vt 0.735093 0.879189
vt 0.896815 0.779288
vt 0.788269 0.581420
vt 0.583868 0.789265
vt 0.564230 0.831129
vt 0.726316 0.577291
vt 0.830443 0.561695
vt 0.699027 0.486226
vt 0.527269 0.292065
vt 0.780890 0.417774
vt 0.516812 0.701355
vt 0.748833 0.527839
vt 0.302666 0.513236
vt 0.253010 0.471281
vt 0.470935 0.250093
vt 0.535303 0.753704
vt 0.452390 0.726170
vt 0.219110 0.582227
vt 0.070917 0.965601
vt 0.045694 0.929961
vt 0.263714 0.882664
vt 0.100623 0.777906
vt 0.421755 0.806730
vt 0.034102 0.069531
vt 0.071597 0.050911
vt 0.120812 0.264908
vt 0.220713 0.103185
vt 0.418581 0.211731
vt 0.224175 0.408704
vt 0.438305 0.169557
vt 0.168871 0.435770
vt 0.929083 0.034399
vt 0.956666 0.057154
vt 0.736285 0.117336
vt 0.899377 0.222094
vt 0.578246 0.193270
vt 0.964393 0.944352
vt 0.928403 0.949089
vt 0.879189 0.735093
vt 0.779288 0.896815
vt 0.581419 0.788269
vt 0.561695 0.830443
vt 0.789265 0.583868
vt 0.831129 0.564230
vt 0.982217 0.788028
vt 0.874215 0.999705
vt 0.391556 0.999576
vt 0.109795 0.852777
vt 0.023748 0.999924
vt 0.020029 0.776271
vt 0.372355 0.664853
vt 0.578404 0.856623
vt 0.611202 0.607133
vt 0.923524 0.572501
vt 1.000000 0.656214
vt 0.120230 0.326296
vt 0.076683 0.600924
vt 0.025803 0.400589
vt 0.013547 0.547545
vt 0.409670 0.380284
vt 0.114692 0.002584
vt 0.043540 0.139389
vt 0.000000 0.281179
vt 0.544835 0.152868
vt 0.625414 0.371478
vt 0.990940 0.399814
vt 0.764787 0.000539
vt 0.954076 0.139968
vt 0.475868 0.000212
vt 0.980036 0.023974
vt 0.125808 0.543863
vt 0.847959 0.751400
vt 0.542576 0.040669
vt 0.685109 0.814581
vt 0.711265 0.999881
vt 0.225637 0.999715
vt 0.934776 0.837291
vt 0.990040 0.952534
vt 0.099406 0.883238
vt 0.034707 0.607096
vt 0.019272 0.768293
vt 0.216189 0.559317
vt 0.541680 0.574581
vt 0.959439 0.672786
vt 0.022220 0.412904
vt 0.040863 0.260158
vt 0.609632 0.277781
vt 0.865425 0.382521
vt 0.435133 0.188524
vt 0.818790 0.006090
vt 0.916282 0.133035
vt 0.260202 0.000695
vt 0.688909 0.876213
vt 0.938451 0.999873
vt 0.382636 0.999696
vt 0.370786 0.815422
vt 0.360109 0.594599
vt 0.062361 0.856541
vt 0.977345 0.545631
vt 0.596644 0.643820
vt 0.958297 0.724323
vt 0.035461 0.702224
vt 0.054046 0.545295
vt 0.846282 0.389284
vt 0.545329 0.342265
vt 0.131077 0.383827
vt 0.025565 0.379070
vt 0.071286 0.194550
vt 0.429652 0.162715
vt 0.796374 0.179360
vt 0.942858 0.130823
vt 0.971013 0.291173
vt 0.366202 0.000056
vt 0.906920 0.009555
vt 0.057947 0.000092
vt 0.000000 0.074388
vt 0.654404 0.850882
vt 0.927203 0.917529
vt 0.432870 0.999892
vt 0.039917 0.755226
vt 0.287029 0.818945
vt 0.140803 0.997497
vt 0.638833 0.576262
vt 0.889459 0.664724
vt 0.119568 0.498039
vt 0.017937 0.550905
vt 0.106216 0.227388
vt 0.036237 0.332877
vt 0.410804 0.244491
vt 0.488329 0.416672
vt 0.092367 0.000666
vt 0.368041 0.001939
vt 0.855047 0.149271
vt 0.959004 0.000298
vt 0.721030 0.000070
vt 0.575387 0.871114
vt 0.911768 0.999389
vt 0.375866 0.997592
vt 0.128099 0.666679
vt 0.068076 0.863887
vt 0.588455 0.625051
vt 0.916873 0.563195
vt 0.963346 0.695557
vt 0.826609 0.787557
vt 0.028909 0.413859
vt 0.021668 0.526577
vt 0.931416 0.316274
vt 0.541065 0.384888
vt 0.561456 0.234839
vt 0.412830 0.115317
vt 0.891337 0.108649
vt 1.000000 0.218671
vt 0.637813 0.000025
vt 0.138981 0.000009
vt 0.122646 0.159479
vt 0.009239 0.091601
vt 0.972067 0.000000
vt 0.534435 0.822555
vt 0.890850 0.999605
vt 0.633790 0.999694
vt 0.313944 0.999938
vt 0.294415 0.846499
vt 0.057005 0.588334
vt 0.000000 0.781229
vt 0.146961 0.606227
vt 0.839170 0.581385
vt 0.911175 0.815645
vt 0.507461 0.581177
vt 0.984988 0.363189
vt 0.142636 0.294019
vt 0.007102 0.358869
vt 0.408830 0.343615
vt 0.515739 0.187045
vt 0.023054 0.194359
vt 0.766206 0.000856
vt 0.962354 0.181967
vt 0.075994 0.000599
vt 0.198426 0.164053
vt 0.840830 0.283063
vt 0.349176 0.855255
vt 0.068714 0.499353
vt 0.881892 0.589353
vt 0.542573 0.040677
vt 0.391815 0.074826
vt 0.326294 0.026974
vt 0.601236 0.032953
vt 0.024067 0.095822
vt 0.024152 0.039864
vt 0.161692 0.063714
vt 0.594740 0.084020
vt 0.506853 0.101487
vt 0.092432 0.135055
vt 0.289077 0.136688
vt 0.427202 0.128632
vt 0.705536 0.116052
vt 0.763928 0.079928
vt 0.904949 0.045799
vt 0.886966 0.132565
vt 0.980719 0.093358
vt 0.555548 0.142639
vt 0.795931 0.143269
vt 0.946774 0.146156
vt 0.030259 0.174108
vt 0.218627 0.161807
vt 0.187358 0.115044
vt 0.505427 0.175985
vt 0.635578 0.157761
vt 0.996510 0.154469
vt 0.451237 0.189789
vt 0.709514 0.173346
vt 0.842822 0.169883
vt 0.240597 0.216877
vt 0.405049 0.221155
vt 0.352994 0.144190
vt 0.588897 0.204945
vt 0.781337 0.202563
vt 0.970634 0.198318
vt 0.100182 0.232359
vt 0.656320 0.216805
vt 0.874218 0.232873
vt 0.920588 0.225388
vt 0.006509 0.247653
vt 0.004527 0.200000
vt 0.498501 0.262451
vt 0.543393 0.254280
vt 0.747864 0.246824
vt 0.046511 0.258208
vt 0.177717 0.270424
vt 0.159573 0.191936
vt 0.335923 0.210531
vt 0.270739 0.266838
vt 0.378350 0.282918
vt 0.612980 0.257728
vt 0.835218 0.225515
vt 0.782699 0.268979
vt 0.992227 0.251429
vt 0.974505 0.283505
vt 0.646439 0.287583
vt 0.914288 0.285853
vt 0.027606 0.321979
vt 0.073531 0.315956
vt 0.131386 0.309992
vt 0.213450 0.314465
vt 0.811164 0.315477
vt 0.862896 0.297364
vt 0.284072 0.320657
vt 0.326601 0.280404
vt 0.339956 0.351946
vt 0.397782 0.340687
vt 0.445812 0.279863
vt 0.471853 0.332521
vt 0.732624 0.338948
vt 0.701929 0.257092
vt 0.937397 0.348859
vt 0.245944 0.354132
vt 0.692884 0.339051
vt 0.764056 0.365926
vt 0.879621 0.351905
vt 0.443748 0.374295
vt 0.495383 0.376990
vt 0.534892 0.341581
vt 0.646906 0.353601
vt 0.583554 0.311765
vt 0.979992 0.359974
vt 0.040426 0.381901
vt 0.203641 0.387510
vt 0.288295 0.373905
vt 0.585737 0.379442
vt 0.006508 0.398217
vt 0.000000 0.348206
vt 0.243755 0.411755
vt 0.359163 0.415218
vt 0.401839 0.417419
vt 0.609957 0.407052
vt 0.713301 0.434701
vt 0.789372 0.429798
vt 0.853741 0.421852
vt 0.831669 0.364020
vt 0.020000 0.404976
vt 0.144884 0.400977
vt 0.113118 0.449221
vt 0.105513 0.355192
vt 0.304050 0.438401
vt 0.556407 0.447708
vt 0.643871 0.444401
vt 0.676840 0.444609
vt 0.968758 0.417634
vt 1.000000 0.396937
vt 0.985216 0.401722
vt 0.031185 0.417707
vt 0.041210 0.437826
vt 0.211275 0.470926
vt 0.478670 0.450889
vt 0.753826 0.442816
vt 0.830919 0.465926
vt 0.923548 0.449856
vt 0.891544 0.419391
vt 0.144792 0.490473
vt 0.517240 0.436598
vt 0.601144 0.460045
vt 0.958751 0.437901
vt 0.179372 0.467580
vt 0.265727 0.487313
vt 0.353654 0.482164
vt 0.074848 0.489698
vt 0.081166 0.421157
vt 0.392602 0.523875
vt 0.451885 0.512060
vt 0.433829 0.457094
vt 0.799783 0.512664
vt 0.878757 0.499930
vt 0.050884 0.512953
vt 0.049134 0.470411
vt 0.299831 0.507522
vt 0.492173 0.531596
vt 0.534185 0.519806
vt 0.653951 0.545189
vt 0.701826 0.538572
vt 0.749850 0.516233
vt 0.906903 0.526832
vt 0.948441 0.499946
vt 0.115936 0.547512
vt 0.338690 0.561228
vt 0.367569 0.549109
vt 0.855199 0.563565
vt 0.932477 0.567620
vt 0.950865 0.529584
vt 0.068663 0.562296
vt 0.047512 0.540000
vt 0.166061 0.566805
vt 0.203061 0.573418
vt 0.237624 0.492553
vt 0.266261 0.555879
vt 0.819337 0.572463
vt 0.041194 0.562220
vt 0.693277 0.609897
vt 0.777243 0.571855
vt 0.880709 0.611286
vt 0.958805 0.562220
vt 0.424310 0.560726
vt 0.390493 0.601683
vt 0.457003 0.608182
vt 0.618865 0.600593
vt 0.608424 0.516122
vt 0.746326 0.602468
vt 0.028511 0.638621
vt 0.014745 0.598299
vt 0.031185 0.582293
vt 0.069770 0.644061
vt 0.120444 0.616884
vt 0.337686 0.638892
vt 0.306077 0.569561
vt 0.574124 0.556221
vt 0.568449 0.629315
vt 0.519287 0.599504
vt 0.825494 0.626231
vt 0.919671 0.642991
vt 0.959843 0.627924
vt 0.968815 0.582293
vt 0.979999 0.595026
vt 0.169131 0.662394
vt 0.210583 0.627860
vt 0.254879 0.607299
vt 0.413585 0.665581
vt 0.653907 0.650248
vt 0.776233 0.641270
vt 0.002168 0.646816
vt 0.486246 0.680359
vt 0.536011 0.678198
vt 0.609869 0.668100
vt 0.746560 0.675947
vt 0.226653 0.696021
vt 0.442047 0.694473
vt 0.817922 0.684422
vt 0.863270 0.683312
vt 0.067942 0.701599
vt 0.338790 0.692657
vt 0.296698 0.630022
vt 0.582295 0.712017
vt 0.782624 0.705851
vt 0.910694 0.709340
vt 0.956760 0.700417
vt 0.988995 0.652928
vt 0.027376 0.724825
vt 0.627703 0.746493
vt 0.988444 0.737164
vt 0.243461 0.763801
vt 0.277143 0.689752
vt 0.550007 0.752065
vt 0.847032 0.747859
vt 0.132109 0.746160
vt 0.121577 0.691956
vt 0.344634 0.756343
vt 0.291166 0.775687
vt 0.404258 0.777359
vt 0.386903 0.681645
vt 0.467847 0.793653
vt 0.495697 0.765164
vt 0.699951 0.774214
vt 0.675322 0.693452
vt 0.716802 0.704878
vt 0.784800 0.769521
vt 0.883246 0.780375
vt 0.958859 0.772617
vt 0.920498 0.798919
vt 0.161096 0.804214
vt 0.182765 0.732193
vt 0.624433 0.821251
vt 0.847432 0.845947
vt 0.083025 0.848900
vt 0.023627 0.791854
vt 0.083881 0.777432
vt 0.214714 0.830186
vt 0.282632 0.850825
vt 0.356949 0.849300
vt 0.421322 0.850946
vt 0.715253 0.849758
vt 0.021805 0.863272
vt 0.178141 0.889538
vt 0.463298 0.892090
vt 0.543840 0.835887
vt 0.803624 0.897708
vt 0.774789 0.839531
vt 0.044387 0.923414
vt 0.324270 0.917580
vt 0.568505 0.924078
vt 0.632520 0.869911
vt 0.681786 0.918840
vt 0.934636 0.910277
vt 0.955119 0.853500
vt 0.994830 0.872110
vt 0.220221 0.959770
vt 0.531471 0.962600
vt 0.920588 0.967796
vt 0.500000 1.000000
vt 0.750000 0.000000
vt 0.219868 0.847808
vt 0.144136 0.217672
vt 0.723011 0.090587
vt 0.056709 1.000000
vt 0.000000 0.000000
vt 0.142119 0.000000
vt 0.390994 0.955248
vt 0.045868 0.478756
vt 0.911584 0.543474
vt 0.878046 0.709656
vt 0.287416 1.000000
vt 0.419450 0.000000
vt 0.670612 0.000000
vt 0.507429 1.000000
vt 0.741000 1.000000
vt 0.893230 0.000000
vt 0.474112 0.041176
vt 0.608211 0.955298
vt 0.091543 0.714896
vt 0.901488 0.375159
vt 0.287177 0.000000
vt 0.169948 1.000000
vt 0.079315 0.000000
vt 0.141781 0.762708
vt 0.934532 0.366602
vt 0.726438 0.911485
vt 0.547882 0.000000
vt 0.399355 1.000000
vt 0.319735 0.109982
vt 0.837219 0.000000
vt 0.681229 1.000000
vt 0.267410 0.118901
vt 0.988222 0.000000
vt 0.939736 1.000000
vt 0.189780 0.834888
vt 0.050841 0.321380
vt 0.622447 0.104779
vt 0.089350 1.000000
vt 0.130999 0.000000
vt 0.395417 0.956410
vt 0.087282 0.391031
vt 0.897818 0.750098
vt 0.837591 0.775727
vt 0.390939 0.000000
vt 0.285919 1.000000
vt 0.540974 1.000000
vt 0.702032 0.000000
vt 0.939778 0.000000
vt 0.844178 1.000000
vt 0.740032 0.143574
vt 0.255418 0.906193
vt 0.013141 0.539794
vt 0.688791 0.950665
vt 0.072451 1.000000
vt 0.025308 0.000000
vt 0.163696 0.000000
vt 0.260211 1.000000
vt 0.313115 0.000000
vt 0.410048 1.000000
vt 0.489162 0.000000
vt 0.036304 0.349132
vt 0.468964 0.982383
vt 0.093919 0.757483
vt 0.706130 0.062972
vt 0.955333 0.531152
vt 0.322818 0.053003
vt 0.218147 0.126319
vt 0.689952 1.000000
vt 0.679854 0.000000
vt 0.852823 0.000000
vt 0.794808 0.128838
vt 0.914898 0.684728
vt 0.289597 0.000000
vt 0.259565 1.000000
vt 0.096356 0.000000
vt 0.133919 0.219182
vt 0.472247 0.962524
vt 0.058810 0.707713
vt 0.674600 0.080702
vt 0.961437 0.588325
vt 0.617709 0.963252
vt 0.687224 0.000000
vt 0.604060 1.000000
vt 0.469925 0.000000
vt 0.729723 0.108234
vt 0.123057 0.212390
vt 0.896308 0.000000
vt 0.834325 1.000000
vt 0.942413 0.652749
vt 0.120580 0.762501
vt 1.000000 0.000000
vt 0.980021 1.000000
vt 0.020000 0.500000
vt 0.000000 0.500000
vt 0.018750 0.548543
vt 0.040000 0.500000
vt 0.060000 0.500000
vt 0.080000 0.500000
vt 0.124565 0.588614
vt 0.100000 0.500000
vt 0.120000 0.500000
vt 0.140000 0.500000
vt 0.160000 0.500000
vt 0.180000 0.500000
vt 0.200000 0.500000
vt 0.220000 0.500000
vt 0.240000 0.500000
vt 0.306272 0.580610
vt 0.260000 0.500000
vt 0.280000 0.500000
vt 0.444872 0.434727
vt 0.220651 0.430563
vt 0.290000 0.000000
vt 0.300000 0.500000
vt 0.320000 0.500000
vt 0.340000 0.500000
vt 0.360000 0.500000
vt 0.380000 0.500000
vt 0.400000 0.500000
vt 0.420000 0.500000
vt 0.452744 0.562865
vt 0.440000 0.500000
vt 0.460000 0.500000
vt 0.480000 0.500000
vt 0.500000 0.500000
vt 0.520000 0.500000
vt 0.540000 0.500000
vt 0.560000 0.500000
vt 0.604160 0.577835
vt 0.580000 0.500000
vt 0.600000 0.500000
vt 0.620000 0.500000
vt 0.640000 0.500000
vt 0.660000 0.500000
vt 0.680000 0.500000
vt 0.700000 0.500000
vt 0.720000 0.500000
vt 0.740000 0.500000
vt 0.829790 0.584436
vt 0.760000 0.500000
vt 0.780000 0.500000
vt 0.800000 0.500000
vt 0.820000 0.500000
vt 0.840000 0.500000
vt 0.860000 0.500000
vt 0.880000 0.500000
vt 0.900000 0.500000
vt 0.920000 0.500000
vt 0.940000 0.500000
vt 0.960000 0.500000
vt 0.982851 0.553093
vt 0.980000 0.500000
vt 0.979465 0.395259
vt 0.852045 0.424199
vt 0.990000 0.000000
vt 1.000000 0.500000
vt 1.000000 0.876816
vt 0.990000 1.000000
vt 0.015707 0.593888
vt 0.161407 0.572088
vt 0.059063 0.414724
vt 0.097813 0.051327
vt 0.350814 0.387382
vt 0.406673 0.570258
vt 0.601079 0.592645
vt 0.777950 0.584292
vt 0.932132 0.578198
vt 0.866246 0.430292
vt 0.698031 0.408163
vt 0.870000 0.000000
vt 0.890000 1.000000
vt 0.637225 0.148833
vt 0.395788 0.114478
vt 0.875774 0.088853
vt 0.167570 0.111591
vt 0.064835 0.273189
vt 0.004008 0.113958
vt 0.857816 0.223259
vt 0.510185 0.280749
vt 0.750360 0.303531
vt 0.613361 0.317449
vt 0.143868 0.341237
vt 0.232713 0.228325
vt 0.278203 0.400979
vt 0.347810 0.335259
vt 0.878717 0.359180
vt 0.976421 0.246224
vt 0.688969 0.411092
vt 0.445933 0.461710
vt 0.421089 0.284732
vt 0.550526 0.460186
vt 0.792746 0.476103
vt 0.628381 0.566557
vt 0.249954 0.552759
vt 0.206296 0.379774
vt 0.861161 0.545973
vt 0.965128 0.553652
vt 0.947541 0.428199
vt 1.000000 0.440000
vt 0.715320 0.603853
vt 0.386560 0.580674
vt 0.324565 0.520519
vt 0.123057 0.729625
vt 0.054467 0.492264
vt 0.151793 0.551047
vt 0.780109 0.626860
vt 0.003291 0.681045
vt 0.000000 0.540367
vt 0.321469 0.719408
vt 0.847279 0.717238
vt 0.722920 0.772756
vt 0.595204 0.827285
vt 0.546635 0.629685
vt 0.436867 0.761947
vt 0.477702 0.642950
vt 0.887347 0.821010
vt 0.963674 0.676437
vt 0.035316 0.889900
vt 0.045628 0.738000
vt 0.325516 0.898640
vt 0.226589 0.724484
vt 0.958062 0.895085
vt 0.990000 0.779711
vt 0.049879 0.969955
vt 0.260000 0.000000
vt 0.930143 0.081422
vt 0.790984 0.158718
vt 0.576063 0.084354
vt 0.201294 0.170293
vt 0.038448 0.064556
vt 0.302412 0.076051
vt 0.454979 0.206954
vt 0.035401 0.246790
vt 0.119853 0.253372
vt 0.552697 0.240983
vt 0.169592 0.369970
vt 0.327530 0.201754
vt 0.257436 0.315313
vt 0.354951 0.348243
vt 0.040013 0.398083
vt 0.450586 0.420654
vt 0.550851 0.397882
vt 0.907189 0.413196
vt 0.827384 0.292032
vt 0.939845 0.253494
vt 0.989703 0.404147
vt 0.995731 0.299269
vt 0.220199 0.498644
vt 0.340510 0.467852
vt 0.735902 0.354851
vt 0.619198 0.435973
vt 0.657504 0.276219
vt 0.110314 0.529757
vt 0.689167 0.539486
vt 0.954032 0.525164
vt 0.476136 0.578555
vt 0.282726 0.606855
vt 0.599181 0.583182
vt 1.000000 0.541480
vt 0.362111 0.611146
vt 0.906625 0.667716
vt 0.849554 0.514884
vt 0.990960 0.683336
vt 0.200245 0.694279
vt 0.535432 0.720340
vt 0.608202 0.758292
vt 0.718575 0.706697
vt 0.778256 0.548360
vt 0.816645 0.767128
vt 0.021806 0.678330
vt 0.033429 0.581931
vt 0.120415 0.688558
vt 0.431746 0.779859
vt 0.327533 0.769426
vt 0.959309 0.791780
vt 0.030498 0.808377
vt 0.240427 0.860474
vt 0.792199 0.899240
vt 0.093201 0.918644
vt 0.523330 0.933143
vt 0.100000 0.000000
vt 0.940000 1.000000
vt 0.988123 0.942288
vt 0.297251 0.916302
vt 0.295060 1.000000
vt 0.202410 0.874182
vt 0.370064 0.935204
vt 0.533394 0.956770
vt 0.421426 1.000000
vt 0.637270 0.953438
vt 0.704947 0.999907
vt 0.568500 1.000000
vt 0.153509 0.952697
vt 0.069247 0.891021
vt 0.585605 0.891193
vt 0.687880 0.860282
vt 0.788786 0.998662
vt 0.457395 0.859748
vt 0.458422 0.922030
vt 0.939166 0.854840
vt 1.000000 0.891390
vt 0.914637 0.895765
vt 0.152222 0.819479
vt 0.588436 0.829907
vt 0.359328 0.773034
vt 0.339981 0.841236
vt 1.000000 0.828331
vt 0.917092 0.797598
vt 0.637461 0.761060
vt 0.515382 0.751712
vt 0.730829 0.736809
vt 0.808599 0.860151
vt 0.828978 0.719572
vt 0.138465 0.760622
vt 0.235970 0.675471
vt 0.961176 0.734341
vt 0.464495 0.788017
vt 0.403107 0.701762
vt 0.082908 0.702352
vt 0.000000 0.731578
vt 0.000000 0.687464
vt 0.397976 0.642093
vt 0.615973 0.669438
vt 0.801263 0.609278
vt 0.083420 0.648009
vt 0.509794 0.685543
vt 0.518603 0.610630
vt 0.197278 0.527510
vt 0.140007 0.584994
vt 0.700616 0.596730
vt 0.923868 0.603045
vt 0.960128 0.660121
vt 0.883733 0.667995
vt 0.040930 0.613394
vt 0.346468 0.560541
vt 0.602674 0.552927
vt 0.035622 0.529490
vt 0.959529 0.547295
vt 0.846491 0.547252
vt 0.805231 0.433892
vt 0.299278 0.413636
vt 0.406990 0.483509
vt 0.454102 0.559522
vt 0.605076 0.460408
vt 0.512378 0.483838
vt 1.000000 0.499950
vt 0.952495 0.481277
vt 0.082908 0.452327
vt 0.000000 0.468694
vt 0.683910 0.516633
vt 0.000000 0.437439
vt 0.526022 0.422800
vt 0.698265 0.396324
vt 0.124388 0.360006
vt 0.040818 0.391340
vt 0.201043 0.421419
vt 0.632720 0.371527
vt 0.513445 0.359769
vt 0.411563 0.420018
vt 0.379733 0.357898
vt 0.813366 0.316347
vt 0.887143 0.401787
vt 0.960596 0.359539
vt 1.000000 0.391340
vt 0.959429 0.426527
vt 0.040549 0.328281
vt 0.916418 0.314080
vt 0.293444 0.267936
vt 0.596893 0.298138
vt 0.485874 0.296883
vt 1.000000 0.328281
vt 0.119615 0.254143
vt 0.188204 0.297425
vt 0.478170 0.216385
vt 0.375504 0.282474
vt 0.591789 0.215138
vt 0.694510 0.262887
vt 0.367950 0.169638
vt 0.796557 0.113711
vt 0.845613 0.179439
vt 0.908157 0.241698
vt 0.082854 0.171374
vt 0.032655 0.250683
vt 0.000000 0.171569
vt 0.181792 0.186770
vt 0.649893 0.129591
vt 0.959452 0.171569
vt 0.994599 0.252307
vt 0.546329 0.122733
vt 0.917481 0.109616
vt 0.382267 0.064165
vt 0.457396 0.140152
vt 0.846489 0.047220
vt 0.820454 0.000048
vt 0.959530 0.047262
vt 0.023761 0.000000
vt 0.082910 0.047541
vt 0.000000 0.047262
vt 0.295060 0.000000
vt 0.303362 0.083778
vt 0.203442 0.113711
vt 0.431500 0.000000
vt 0.459333 0.064158
vt 0.541594 0.046937
vt 0.578573 0.000000
vt 0.704940 0.000000
vt 0.664676 0.055397
vt 0.073298 0.268079
vt 0.360329 0.970560
vt 0.968266 0.497910
vt 0.599666 0.131624
vt 0.396775 0.083258
vt 0.915964 0.062117
vt 0.205471 0.171408
vt 0.208081 0.031708
vt 0.038677 0.209313
vt 0.000000 0.120000
vt 0.347514 0.211035
vt 0.108201 0.277490
vt 0.265325 0.326261
vt 0.594304 0.300824
vt 0.469076 0.227931
vt 0.685335 0.313552
vt 0.777798 0.195278
vt 0.163713 0.370196
vt 0.010747 0.382490
vt 0.375012 0.375813
vt 0.994969 0.209368
vt 0.989304 0.375239
vt 0.929238 0.197199
vt 0.035476 0.478095
vt 0.285044 0.487931
vt 0.519910 0.512628
vt 0.494260 0.360320
vt 0.612069 0.459480
vt 0.858827 0.397624
vt 0.800984 0.466015
vt 0.753209 0.363359
vt 0.194286 0.557687
vt 0.437924 0.547357
vt 0.688198 0.523023
vt 0.123465 0.552844
vt 0.376065 0.585091
vt 0.760992 0.600401
vt 0.872054 0.601028
vt 0.930197 0.412887
vt 0.596042 0.634894
vt 0.961458 0.667637
vt 0.991527 0.515497
vt 0.484357 0.717092
vt 0.656366 0.764319
vt 0.124268 0.744891
vt 0.052117 0.600364
vt 0.005205 0.688535
vt 0.359343 0.791998
vt 0.279132 0.655068
vt 0.759135 0.794258
vt 0.883505 0.818552
vt 0.545707 0.824854
vt 0.047015 0.855139
vt 0.430538 0.946352
vt 0.227579 0.854569
vt 0.988858 0.866971
vt 0.821301 0.965846
vt 0.487092 0.099420
vt 0.381796 0.061362
vt 0.643005 0.040000
vt 0.976635 0.099420
vt 0.928638 0.023520
vt 1.000000 0.040000
vt 0.045692 0.137535
vt 0.006599 0.099420
vt 0.172166 0.080000
vt 0.265758 0.137296
vt 0.545692 0.137535
vt 0.672166 0.080000
vt 0.765758 0.137296
vt 0.871337 0.097348
vt 0.110113 0.180740
vt 0.170501 0.134951
vt 0.370047 0.120000
vt 0.316436 0.182883
vt 0.402125 0.180627
vt 0.610113 0.180740
vt 0.670501 0.134951
vt 0.816436 0.182883
vt 0.902125 0.180627
vt 0.050087 0.234721
vt 0.000000 0.179821
vt 0.241454 0.220410
vt 0.550087 0.234721
vt 0.479758 0.179821
vt 0.741454 0.220410
vt 0.010264 0.260180
vt 0.121355 0.260431
vt 0.185839 0.217127
vt 0.273698 0.268384
vt 0.339494 0.261641
vt 0.489616 0.260580
vt 0.621354 0.260431
vt 0.685839 0.217127
vt 0.773697 0.268384
vt 0.839494 0.261641
vt 0.190133 0.300245
vt 0.690132 0.300245
vt 0.020259 0.360343
vt 0.072764 0.355466
vt 0.240356 0.361104
vt 0.465406 0.337316
vt 0.427259 0.277582
vt 0.520259 0.360343
vt 0.572764 0.355466
vt 0.740356 0.361104
vt 0.984591 0.260580
vt 0.965405 0.337316
vt 0.927258 0.277582
vt 0.369547 0.379487
vt 0.330169 0.340226
vt 0.385576 0.283043
vt 0.407097 0.375896
vt 0.869547 0.379487
vt 0.830169 0.340226
vt 0.885576 0.283043
vt 0.907096 0.375896
vt 0.038531 0.421156
vt 0.109960 0.418408
vt 0.105608 0.335233
vt 0.139676 0.348380
vt 0.190538 0.379665
vt 0.147126 0.415797
vt 0.330284 0.426541
vt 0.289795 0.358226
vt 0.430300 0.442549
vt 0.538531 0.421156
vt 0.609960 0.418408
vt 0.605608 0.335233
vt 0.639676 0.348380
vt 0.690538 0.379665
vt 0.647126 0.415797
vt 0.830284 0.426541
vt 0.789795 0.358226
vt 0.930300 0.442549
vt 0.069103 0.478884
vt 0.169765 0.481079
vt 0.210042 0.460085
vt 0.390102 0.458411
vt 0.484491 0.465315
vt 0.465894 0.416668
vt 0.569103 0.478884
vt 0.669765 0.481079
vt 0.710042 0.460085
vt 0.890101 0.458411
vt 0.984490 0.465315
vt 0.965894 0.416668
vt 1.000000 0.380750
vt 0.122446 0.487998
vt 0.258516 0.447326
vt 0.354392 0.504028
vt 0.622446 0.487998
vt 0.800000 0.500000
vt 0.758516 0.447326
vt 0.854391 0.504028
vt 0.110055 0.538273
vt 0.210466 0.540780
vt 0.412773 0.535454
vt 0.450055 0.538273
vt 0.610055 0.538273
vt 0.710466 0.540780
vt 0.912772 0.535454
vt 0.950055 0.538273
vt 0.049916 0.579843
vt 0.030074 0.501742
vt 0.079939 0.607635
vt 0.134872 0.582762
vt 0.290035 0.578293
vt 0.249479 0.538985
vt 0.338721 0.579335
vt 0.389132 0.581396
vt 0.549916 0.579843
vt 0.530074 0.501742
vt 0.579939 0.607635
vt 0.634871 0.582762
vt 0.790035 0.578293
vt 0.749479 0.538985
vt 0.838721 0.579335
vt 0.889131 0.581396
vt 0.251409 0.613879
vt 0.424934 0.625284
vt 0.470428 0.617730
vt 0.496642 0.545233
vt 0.751408 0.613879
vt 0.924934 0.625284
vt 0.970428 0.617730
vt 0.992195 0.545233
vt 0.038358 0.668257
vt 0.006169 0.642640
vt 0.098312 0.662393
vt 0.159270 0.648477
vt 0.178158 0.586527
vt 0.197886 0.661294
vt 0.313535 0.661248
vt 0.368620 0.677080
vt 0.538358 0.668257
vt 0.502298 0.642640
vt 0.598312 0.662393
vt 0.659270 0.648477
vt 0.678158 0.586527
vt 0.697885 0.661294
vt 0.813535 0.661248
vt 0.868619 0.677080
vt 0.129907 0.699717
vt 0.399325 0.691512
vt 0.449843 0.720252
vt 0.629907 0.699717
vt 0.899325 0.691512
vt 0.949843 0.720252
vt 0.017371 0.740551
vt 0.077067 0.735729
vt 0.190213 0.738526
vt 0.239120 0.668805
vt 0.269486 0.740218
vt 0.329880 0.739883
vt 0.514831 0.740551
vt 0.577067 0.735729
vt 0.690213 0.738526
vt 0.739119 0.668805
vt 0.769486 0.740218
vt 0.829879 0.739883
vt 0.139423 0.779357
vt 0.370783 0.785260
vt 0.420681 0.781568
vt 0.639423 0.779357
vt 0.870782 0.785260
vt 0.920681 0.781568
vt 0.025755 0.810797
vt 0.103800 0.822548
vt 0.205874 0.826482
vt 0.290519 0.817756
vt 0.516075 0.810797
vt 0.603800 0.822548
vt 0.705874 0.826482
vt 0.790518 0.817756
vt 0.986513 0.800000
vt 0.995609 0.739287
vt 0.347279 0.864243
vt 0.447905 0.856007
vt 0.847279 0.864243
vt 0.947904 0.856007
vt 0.039933 0.902601
vt 0.000000 0.840000
vt 0.143053 0.880000
vt 0.206256 0.905280
vt 0.530331 0.902601
vt 0.683364 0.880000
vt 0.357293 0.920000
vt 0.857293 0.920000
vt 0.212019 0.976931
vt 0.426610 0.960000
vt 0.910648 0.960000
vt 0.684434 0.938139
vt 0.989206 0.902601
vt 0.143005 0.040000
vt 0.280000 0.000000
vt 0.480000 0.000000
vt 0.580000 1.000000
vt 0.760000 1.000000
vt 0.963542 0.036458
vt 0.036458 0.963542
vt 1.000000 0.906239
vt 0.975317 0.248335
vt 0.003713 0.140430
vt 0.057612 0.000309
vt 0.069135 0.999891
vt 0.966713 0.884780
vt 0.977774 0.780293
vt 0.433855 0.623820
vt 0.945757 0.350475
vt 0.986455 0.452354
vt 0.016389 0.140878
vt 0.000000 0.218671
vt 0.444115 0.126607
vt 0.198433 0.835955
vt 0.852550 0.690596
vt 0.063349 0.999570
vt 0.994629 0.885072
vt 1.000000 0.406539
vt 0.044515 0.300895
vt 0.023961 0.999641
vt 0.995748 0.856629
vt 0.976966 0.584975
vt 0.972260 0.000651
vt 0.502060 0.001301
vt 0.002534 0.308763
vt 0.174916 0.364896
vt 0.950865 0.470411
vt 0.000000 0.602985
vt 0.000602 0.735853
vt 0.995957 0.808459
vt 0.003666 0.840000
vt 1.000000 0.900000
vt 0.775739 0.946864
vt 0.980947 0.940000
vt 0.058074 0.975933
vt 0.550056 1.000000
vt 0.690576 0.543958
vt 0.381425 0.244255
vt 0.309424 0.543958
vt 0.943611 1.000000
vt 0.026245 1.000000
vt 1.000000 1.000000
vt 0.985229 0.000000
vt 0.856887 1.000000
vt 0.429976 1.000000
vt 0.058320 1.000000
vt 0.029193 0.425164
vt 0.191250 0.046194
vt 0.674352 0.420885
vt 0.994578 0.632669
vt 0.203094 0.444153
vt 0.203750 0.946107
vt 0.504972 0.423926
vt 0.991195 0.380267
vt 0.967500 0.046194
vt 0.005661 0.224978
vt 1.000000 0.340386
vt 0.000000 0.400000
vt 0.041383 1.000000
vt 0.179559 0.999952
vt 0.682747 0.956838
vt 1.000000 0.180226
vt 0.917092 0.952377
vt 1.000000 0.952655
vt 0.898821 1.000000
vt 0.040471 0.952655
vt 0.047505 0.768648
vt 0.040548 0.828331
vt 1.000000 0.781231
vt 0.000000 0.547295
vt 1.000000 0.624962
vt 1.000000 0.656212
vt 0.112593 0.516523
vt 0.836227 0.480851
vt 0.069247 0.108878
vt 0.179550 0.000130
vt 1.000000 0.108510
vt 0.958617 0.000000
vt 0.360329 0.970560
vt 0.064763 0.298280
vt 0.621702 0.016755
vt 1.000000 0.600000
vt 0.979757 0.179821
vt 0.000000 0.320000
vt 0.000000 0.455681
vt 0.004446 0.537785
vt 0.996128 0.642640
vt 0.027252 0.960000
vt 0.709800 0.061950
vt 0.360330 0.029439
vt 0.064763 0.701720
vt 0.709801 0.938050
vt 0.993458 0.601745
vt 0.341683 0.631284
vt 0.381425 0.684349
vt 0.424538 0.717419
vt 0.475456 0.734777
vt 0.555559 0.725893
vt 0.618574 0.684349
vt 0.658317 0.631284
vt 0.697769 0.429356
vt 0.683826 0.356403
vt 0.658317 0.297320
vt 0.618575 0.244255
vt 0.555559 0.202711
vt 0.475456 0.193826
vt 0.424538 0.211185
vt 0.341683 0.297320
vt 0.316174 0.356403
vt 0.302231 0.429356
vt 0.977501 1.000000
vt 0.000000 0.593713
vt 0.884538 0.214913
vt 0.972752 0.628229
vt 0.709765 0.938068
vt 0.073298 0.731922
vt 0.360330 0.029439
s 1
usemtl Mat.5
f 33/1/1 4/2/2 5/3/3
f 10/4/4 4/2/2 33/1/1
f 33/1/1 34/5/5 26/6/6
f 33/1/1 25/7/7 3/8/8
f 26/6/6 3/8/8 2/9/9
f 26/6/6 34/5/5 3/8/8
f 36/10/10 35/11/11 6/12/12
f 7/13/13 2/9/9 35/11/11
f 2/9/9 3/8/8 27/14/14
f 38/15/15 36/16/10 8/17/16
f 36/16/10 38/15/15 35/18/11
f 6/19/12 11/20/17 36/16/10
f 37/21/18 25/7/7 5/22/3
f 37/21/18 5/22/3 8/17/16
f 11/20/17 3/8/8 37/21/18
f 27/23/14 11/20/17 6/19/12
f 39/24/19 38/25/15 9/26/20
f 8/27/16 5/3/3 38/25/15
f 5/3/3 4/2/2 28/28/21
f 35/29/11 39/30/19 7/31/13
f 9/32/20 12/33/22 39/30/19
f 40/34/23 26/6/6 2/35/9
f 40/34/23 1/36/24 26/6/6
f 40/34/23 2/35/9 7/31/13
f 12/33/22 4/2/2 1/36/24
f 28/37/21 12/33/22 9/32/20
f 41/38/25 42/39/26 17/40/27
f 43/41/28 41/38/25 29/42/29
f 22/43/30 30/44/31 16/45/32
f 42/39/26 41/38/25 22/43/30
f 43/41/28 13/46/33 14/47/34
f 22/43/30 14/47/34 15/48/35
f 22/43/30 43/41/28 14/47/34
f 48/49/36 44/50/37 19/51/20
f 18/52/38 15/48/35 44/50/37
f 15/48/35 14/47/34 31/53/39
f 44/54/37 45/55/40 18/56/38
f 45/55/40 44/54/37 47/18/41
f 20/57/42 23/58/43 45/55/40
f 23/58/43 16/45/32 46/59/44
f 32/60/45 23/58/43 20/57/42
f 46/59/44 30/44/31 15/61/35
f 46/59/44 15/61/35 18/56/38
f 45/62/40 47/63/41 20/64/42
f 21/65/13 17/40/27 47/63/41
f 17/40/27 42/39/26 32/66/45
f 47/67/41 48/68/36 21/69/13
f 19/70/20 24/71/46 48/68/36
f 31/72/39 24/71/46 19/70/20
f 49/73/47 29/42/29 17/74/27
f 49/73/47 13/46/33 29/42/29
f 49/73/47 17/74/27 21/69/13
f 52/75/48 51/76/49 50/77/50
f 53/78/51 51/79/49 52/80/48
f 55/81/52 54/82/53 50/77/50
f 52/75/48 54/82/53 55/81/52
f 57/83/54 56/84/55 52/75/48
f 56/84/55 58/85/56 52/75/48
f 61/86/57 55/81/52 58/87/56
f 60/88/58 58/87/56 56/89/55
f 61/86/57 58/87/56 60/88/58
f 59/90/59 55/81/52 61/86/57
f 63/91/60 59/90/59 61/86/57
f 64/92/61 61/86/57 60/93/58
f 65/94/62 59/90/59 63/91/60
f 65/94/62 62/95/63 59/90/59
f 65/94/62 60/96/58 62/95/63
f 66/97/64 64/98/61 60/96/58
f 63/91/60 61/86/57 64/92/61
f 66/97/64 60/96/58 65/94/62
f 67/99/65 65/94/62 63/91/60
f 66/97/64 65/94/62 67/99/65
f 63/100/60 64/98/61 66/97/64
f 67/101/65 63/102/60 66/103/64
f 70/104/66 69/105/67 68/106/68
f 71/107/69 68/108/68 69/105/67
f 70/104/66 68/106/68 72/109/70
f 73/110/71 72/109/70 71/111/69
f 74/112/72 70/104/66 72/109/70
f 75/113/73 70/104/66 74/112/72
f 73/114/71 71/107/69 70/104/66
f 76/115/74 74/112/72 73/110/71
f 75/113/73 74/112/72 79/116/75
f 77/117/76 76/118/74 75/113/73
f 78/119/77 77/117/76 79/116/75
f 81/120/78 76/118/74 77/117/76
f 81/120/78 80/121/79 76/118/74
f 81/120/78 77/117/76 78/119/77
f 81/120/78 78/119/77 82/122/80
f 86/123/81 83/124/82 84/125/83
f 86/123/81 84/125/83 87/126/84
f 91/127/85 87/126/84 85/128/86
f 89/129/87 86/123/81 88/130/88
f 89/129/87 90/131/89 86/123/81
f 88/130/88 87/126/84 91/127/85
f 91/127/85 90/132/89 89/133/87
f 93/134/90 89/129/87 88/130/88
f 94/135/91 88/130/88 91/127/85
f 94/135/91 93/134/90 88/130/88
f 92/136/92 89/133/87 93/137/90
f 95/138/93 92/136/92 93/137/90
f 97/139/94 94/135/91 92/136/92
f 93/134/90 94/135/91 96/140/95
f 97/139/94 92/136/92 95/138/93
f 98/141/96 95/142/93 96/140/95
f 99/143/97 97/139/94 95/138/93
f 98/141/96 96/140/95 100/144/98
f 100/145/98 95/138/93 98/146/96
f 100/144/98 96/140/95 99/143/97
f 103/147/99 101/148/100 102/149/101
f 106/150/102 105/151/103 101/152/100
f 108/153/104 104/154/105 103/147/99
f 109/155/106 106/150/102 104/156/105
f 112/157/107 109/155/106 111/158/108
f 113/159/109 110/160/110 112/157/107
f 116/161/111 113/159/109 112/157/107
f 115/162/112 114/163/113 113/159/109
f 116/164/111 114/163/113 117/165/114
f 121/166/115 118/167/116 119/168/117
f 123/169/118 119/168/117 120/170/119
f 124/171/120 121/166/115 119/168/117
f 125/172/121 123/173/118 122/174/122
f 126/175/123 124/171/120 123/169/118
f 126/175/123 123/169/118 125/176/121
f 127/177/124 124/171/120 128/178/125
f 129/179/126 128/178/125 132/180/127
f 130/181/128 131/182/129 127/177/124
f 130/181/128 129/179/126 134/183/130
f 133/184/131 131/185/129 130/186/128
f 133/184/131 132/180/127 131/185/129
f 133/187/131 130/181/128 134/183/130
f 139/188/132 137/189/133 136/190/134
f 139/188/132 135/191/135 138/192/136
f 141/193/137 138/192/136 140/194/138
f 139/188/132 138/192/136 143/195/139
f 142/196/140 140/197/138 139/188/132
f 143/195/139 138/192/136 141/193/137
f 144/198/141 139/188/132 143/195/139
f 144/198/141 142/196/140 139/188/132
f 145/199/142 142/196/140 144/198/141
f 147/200/143 141/193/137 145/201/142
f 145/199/142 146/202/144 148/203/145
f 149/204/146 147/200/143 145/201/142
f 150/205/147 149/206/146 145/199/142
f 152/207/148 147/200/143 149/204/146
f 152/207/148 148/203/145 147/200/143
f 136/208/134 137/209/133 135/210/135
f 151/211/149 152/212/148 150/213/147
f 793/750/656 785/751/657 800/752/658
f 794/753/659 785/751/657 793/750/656
f 795/754/660 786/755/661 794/753/659
f 796/756/662 788/757/663 787/758/664
f 800/752/658 792/759/665 799/760/666
f 801/761/667 796/756/662 795/754/660
f 802/762/668 788/757/663 796/756/662
f 802/762/668 789/763/669 788/757/663
f 806/764/670 801/761/667 798/765/671
f 810/766/672 799/767/666 804/768/673
f 808/769/674 800/752/658 799/760/666
f 802/762/668 801/761/667 809/770/675
f 811/771/676 806/764/670 805/772/677
f 807/773/678 810/766/672 814/774/679
f 817/775/680 809/770/675 820/776/681
f 813/777/682 802/762/668 817/775/680
f 814/774/679 803/778/683 818/779/684
f 816/780/685 800/752/658 808/769/674
f 825/781/686 805/772/677 800/752/658
f 825/781/686 811/771/676 805/772/677
f 819/782/687 814/774/679 818/779/684
f 820/776/681 812/783/688 822/784/689
f 821/785/690 819/786/687 829/787/691
f 822/784/689 811/771/676 826/788/692
f 824/789/693 813/777/682 817/775/680
f 827/790/694 818/779/684 813/777/682
f 825/781/686 821/785/690 830/791/695
f 823/792/696 822/784/689 826/788/692
f 831/793/697 824/789/693 823/792/696
f 834/794/698 825/781/686 833/795/699
f 831/793/697 823/792/696 826/788/692
f 835/796/700 813/777/682 824/789/693
f 835/796/700 827/790/694 813/777/682
f 836/797/701 829/798/691 828/799/702
f 833/795/699 830/791/695 832/800/703
f 837/801/704 826/788/692 825/781/686
f 835/796/700 824/789/693 840/802/705
f 839/803/706 833/795/699 832/800/703
f 843/804/707 836/797/701 842/805/708
f 842/805/708 827/790/694 849/806/709
f 845/807/710 837/801/704 834/794/698
f 846/808/711 838/809/712 837/801/704
f 848/810/713 840/802/705 847/811/714
f 839/812/706 843/804/707 851/813/715
f 852/814/716 839/803/706 851/815/715
f 846/808/711 837/801/704 845/807/710
f 848/810/713 841/816/717 840/802/705
f 852/814/716 851/815/715 858/817/718
f 855/818/719 848/810/713 847/811/714
f 856/819/720 849/806/709 841/816/717
f 860/820/721 852/814/716 859/821/722
f 853/822/723 852/814/716 860/820/721
f 861/823/724 856/819/720 848/810/713
f 863/824/725 854/825/726 862/826/727
f 863/824/725 861/823/724 855/818/719
f 864/827/728 857/828/729 849/806/709
f 865/829/730 859/830/722 858/831/718
f 866/832/731 860/820/721 859/821/722
f 865/829/730 857/828/729 868/833/732
f 869/834/733 862/826/727 845/807/710
f 872/835/734 863/824/725 871/836/735
f 866/837/731 865/829/730 868/833/732
f 874/838/736 860/820/721 866/832/731
f 874/838/736 867/839/737 860/820/721
f 877/840/738 871/836/735 870/841/739
f 878/842/740 871/836/735 877/840/738
f 875/843/741 872/835/734 878/842/740
f 884/844/742 870/841/739 869/834/733
f 880/845/743 864/827/728 875/843/741
f 881/846/744 876/847/745 864/827/728
f 882/848/746 873/849/747 886/850/748
f 879/851/749 874/838/736 882/848/746
f 885/852/750 880/845/743 875/843/741
f 880/845/743 881/846/744 864/827/728
f 886/853/748 873/854/747 876/847/745
f 888/855/751 878/842/740 877/840/738
f 891/856/752 886/853/748 881/846/744
f 892/857/753 887/858/754 884/844/742
f 898/859/755 880/845/743 905/860/756
f 899/861/757 891/856/752 898/859/755
f 900/862/758 894/863/759 899/864/757
f 901/865/760 890/866/761 883/867/762
f 901/865/760 892/857/753 890/866/761
f 902/868/763 893/869/764 892/857/753
f 902/868/763 896/870/765 893/869/764
f 903/871/766 896/870/765 902/868/763
f 904/872/767 897/873/768 903/871/766
f 905/860/756 880/845/743 904/872/767
f 903/874/766 901/875/760 900/876/758
f 25/7/7 33/1/1 5/3/3
f 4/2/2 26/6/6 1/36/24
f 10/4/4 26/6/6 4/2/2
f 33/1/1 26/6/6 10/4/4
f 3/8/8 25/7/7 37/21/18
f 34/5/5 33/1/1 3/8/8
f 11/20/17 8/17/16 36/16/10
f 5/3/3 9/26/20 38/25/15
f 11/20/17 27/23/14 3/8/8
f 38/25/15 39/24/19 35/1133/11
f 12/33/22 7/31/13 39/30/19
f 15/48/35 19/51/20 44/50/37
f 12/33/22 1/36/24 40/34/23
f 12/33/22 28/37/21 4/2/2
f 29/42/29 41/38/25 17/40/27
f 13/46/33 43/41/28 29/42/29
f 41/38/25 43/41/28 22/43/30
f 16/45/32 30/44/31 46/59/44
f 42/39/26 22/43/30 16/45/32
f 30/44/31 22/43/30 15/48/35
f 44/50/37 48/49/36 47/1134/41
f 23/58/43 18/56/38 45/55/40
f 31/53/39 14/47/34 13/46/33
f 17/40/27 20/64/42 47/63/41
f 23/58/43 32/60/45 16/45/32
f 24/71/46 21/69/13 48/68/36
f 32/66/45 42/39/26 16/45/32
f 56/84/55 62/95/63 60/96/58
f 24/71/46 31/72/39 13/46/33
f 24/71/46 13/46/33 49/73/47
f 53/78/51 50/77/50 51/79/49
f 54/82/53 52/75/48 50/77/50
f 53/78/51 55/81/52 50/77/50
f 58/87/56 53/78/51 52/80/48
f 55/81/52 57/83/54 52/75/48
f 55/81/52 53/78/51 58/87/56
f 59/90/59 57/83/54 55/81/52
f 59/90/59 62/95/63 57/83/54
f 148/203/145 150/205/147 145/199/142
f 71/107/69 72/1135/70 68/108/68
f 70/104/66 71/107/69 69/105/67
f 74/112/72 72/109/70 73/110/71
f 75/113/73 73/114/71 70/104/66
f 76/118/74 73/114/71 75/113/73
f 77/117/76 75/113/73 79/116/75
f 79/116/75 74/112/72 76/115/74
f 80/121/79 79/1136/75 76/118/74
f 82/122/80 79/116/75 80/1137/79
f 82/122/80 78/119/77 79/116/75
f 81/1138/78 82/122/80 80/1137/79
f 85/128/86 84/125/83 83/1139/82
f 86/123/81 85/1140/86 83/124/82
f 87/126/84 84/125/83 85/128/86
f 88/130/88 86/123/81 87/126/84
f 90/131/89 85/1140/86 86/123/81
f 91/127/85 85/128/86 90/132/89
f 94/135/91 91/127/85 92/136/92
f 92/136/92 91/127/85 89/133/87
f 96/140/95 95/142/93 93/134/90
f 97/139/94 96/140/95 94/135/91
f 99/143/97 96/140/95 97/139/94
f 100/145/98 99/143/97 95/138/93
f 105/151/103 102/149/101 101/152/100
f 103/147/99 104/154/105 101/148/100
f 105/151/103 103/147/99 102/149/101
f 106/1141/102 101/148/100 104/154/105
f 107/1142/1006 103/147/99 105/151/103
f 107/1142/1006 108/153/104 103/147/99
f 109/155/106 105/151/103 106/150/102
f 107/1142/1006 105/151/103 109/155/106
f 109/155/106 110/160/110 107/1142/1006
f 110/160/110 108/153/104 107/1142/1006
f 111/1143/108 109/1144/106 104/154/105
f 108/153/104 111/1143/108 104/154/105
f 112/157/107 110/160/110 109/155/106
f 110/160/110 111/1143/108 108/153/104
f 114/163/113 110/160/110 113/159/109
f 114/163/113 111/1143/108 110/160/110
f 114/1145/113 112/157/107 111/1146/108
f 116/161/111 112/157/107 114/1145/113
f 115/162/112 113/159/109 116/161/111
f 117/165/114 114/163/113 115/162/112
f 117/1147/114 115/1148/112 116/1149/111
f 120/170/119 119/168/117 118/1150/116
f 121/166/115 122/174/122 118/167/116
f 122/174/122 120/1151/119 118/167/116
f 123/169/118 124/171/120 119/168/117
f 124/171/120 122/174/122 121/166/115
f 123/173/118 120/1151/119 122/174/122
f 124/171/120 125/172/121 122/174/122
f 127/177/124 125/172/121 124/171/120
f 128/178/125 124/171/120 126/175/123
f 127/177/124 126/1152/123 125/172/121
f 127/1153/124 131/185/129 126/175/123
f 129/179/126 127/177/124 128/178/125
f 132/180/127 126/175/123 131/185/129
f 132/180/127 128/178/125 126/175/123
f 129/179/126 130/181/128 127/177/124
f 134/183/130 129/179/126 132/180/127
f 133/184/131 134/183/130 132/180/127
f 138/192/136 135/191/135 137/1154/133
f 139/188/132 136/190/134 135/191/135
f 139/188/132 140/197/138 137/189/133
f 140/197/138 138/1155/136 137/189/133
f 142/196/140 141/1156/137 140/197/138
f 146/202/144 144/198/141 143/195/139
f 145/199/142 141/1156/137 142/196/140
f 147/200/143 143/195/139 141/193/137
f 146/202/144 143/195/139 147/200/143
f 146/202/144 145/199/142 144/198/141
f 148/203/145 146/202/144 147/200/143
f 152/1157/148 149/206/146 150/205/147
f 152/207/148 151/1158/149 148/203/145
f 783/1193/1114 792/759/665 784/1194/1115
f 2/9/9 6/12/12 35/11/11
f 783/1176/1114 797/1197/1116 791/1198/1117
f 800/752/658 785/751/657 784/1194/1115
f 794/753/659 786/755/661 785/751/657
f 795/754/660 787/758/664 786/755/661
f 795/754/660 796/756/662 787/758/664
f 789/763/669 797/1197/1116 790/1199/1118
f 797/1197/1116 803/778/683 804/768/673
f 798/765/671 795/754/660 794/753/659
f 799/760/666 792/759/665 791/1200/1117
f 800/752/658 784/1194/1115 792/759/665
f 798/765/671 801/761/667 795/754/660
f 801/761/667 802/762/668 796/756/662
f 791/1198/1117 804/768/673 799/767/666
f 794/753/659 806/764/670 798/765/671
f 805/772/677 794/753/659 793/750/656
f 808/769/674 815/1201/1119 816/780/685
f 802/762/668 803/778/683 789/763/669
f 807/1202/678 808/769/674 799/760/666
f 800/752/658 805/772/677 793/750/656
f 809/770/675 801/761/667 806/764/670
f 810/766/672 804/768/673 803/778/683
f 807/773/678 799/767/666 810/766/672
f 811/771/676 812/783/688 806/764/670
f 812/783/688 809/770/675 806/764/670
f 813/777/682 803/778/683 802/762/668
f 814/774/679 810/766/672 803/778/683
f 817/775/680 823/792/696 824/789/693
f 820/776/681 809/770/675 812/783/688
f 817/775/680 802/762/668 809/770/675
f 818/779/684 803/778/683 813/777/682
f 815/1203/1119 807/773/678 814/774/679
f 816/780/685 825/781/686 800/752/658
f 819/782/687 815/1203/1119 814/774/679
f 821/785/690 815/1201/1119 819/786/687
f 821/785/690 816/780/685 815/1201/1119
f 822/784/689 812/783/688 811/771/676
f 819/782/687 828/799/702 829/798/691
f 825/781/686 816/780/685 821/785/690
f 826/788/692 811/771/676 825/781/686
f 823/792/696 820/776/681 822/784/689
f 828/799/702 827/790/694 836/797/701
f 830/791/695 821/785/690 829/787/691
f 833/795/699 825/781/686 830/791/695
f 832/800/703 843/1204/707 839/803/706
f 829/798/691 832/1205/703 830/1206/695
f 834/794/698 837/801/704 825/781/686
f 837/801/704 838/809/712 826/788/692
f 838/809/712 831/793/697 826/788/692
f 840/802/705 824/789/693 831/793/697
f 836/797/701 832/1205/703 829/798/691
f 842/805/708 851/813/715 843/804/707
f 841/816/717 835/796/700 840/802/705
f 849/806/709 827/790/694 835/796/700
f 842/805/708 836/797/701 827/790/694
f 839/803/706 844/1207/1120 833/795/699
f 844/1207/1120 834/794/698 833/795/699
f 838/809/712 840/802/705 831/793/697
f 853/822/723 845/807/710 834/794/698
f 846/808/711 847/811/714 838/809/712
f 847/811/714 840/802/705 838/809/712
f 849/806/709 835/796/700 841/816/717
f 850/1208/1121 842/805/708 849/806/709
f 852/814/716 834/794/698 844/1207/1120
f 852/814/716 844/1207/1120 839/803/706
f 854/825/726 847/811/714 846/808/711
f 854/825/726 846/808/711 845/807/710
f 850/1208/1121 858/831/718 851/813/715
f 848/810/713 856/819/720 841/816/717
f 849/806/709 857/828/729 850/1208/1121
f 845/807/710 867/839/737 869/834/733
f 859/821/722 852/814/716 858/817/718
f 855/818/719 861/823/724 848/810/713
f 862/826/727 854/825/726 845/807/710
f 863/824/725 855/818/719 854/825/726
f 857/828/729 865/829/730 858/831/718
f 860/820/721 867/839/737 853/822/723
f 868/833/732 857/828/729 864/827/728
f 866/837/731 859/830/722 865/829/730
f 862/826/727 871/836/735 863/824/725
f 856/819/720 864/827/728 849/806/709
f 872/835/734 861/823/724 863/824/725
f 875/843/741 856/819/720 861/823/724
f 882/848/746 883/867/762 879/851/749
f 873/849/747 874/838/736 866/832/731
f 869/834/733 870/841/739 862/826/727
f 875/843/741 861/823/724 872/835/734
f 876/847/745 868/833/732 864/827/728
f 873/854/747 866/837/731 868/833/732
f 878/842/740 872/835/734 871/836/735
f 876/847/745 873/854/747 868/833/732
f 879/851/749 867/839/737 874/838/736
f 883/867/762 869/834/733 867/839/737
f 884/844/742 877/840/738 870/841/739
f 882/848/746 874/838/736 873/849/747
f 883/867/762 867/839/737 879/851/749
f 884/844/742 869/834/733 883/867/762
f 878/842/740 885/852/750 875/843/741
f 881/846/744 886/853/748 876/847/745
f 887/858/754 877/840/738 884/844/742
f 887/858/754 888/855/751 877/840/738
f 888/855/751 885/852/750 878/842/740
f 889/1209/1122 882/848/746 886/850/748
f 883/867/762 894/863/759 895/1210/1123
f 890/866/761 884/844/742 883/867/762
f 880/845/743 891/856/752 881/846/744
f 891/856/752 889/1211/1122 886/853/748
f 890/866/761 892/857/753 884/844/742
f 892/857/753 893/869/764 887/858/754
f 893/869/764 888/855/751 887/858/754
f 897/873/768 880/845/743 885/852/750
f 899/864/757 894/863/759 889/1209/1122
f 888/855/751 897/873/768 885/852/750
f 893/869/764 896/870/765 888/855/751
f 898/859/755 900/1212/758 899/861/757
f 898/859/755 891/856/752 880/845/743
f 899/861/757 889/1211/1122 891/856/752
f 900/862/758 895/1210/1123 894/863/759
f 895/1210/1123 901/865/760 883/867/762
f 901/865/760 902/868/763 892/857/753
f 903/871/766 897/873/768 896/870/765
f 904/872/767 880/845/743 897/873/768
f 785/1213/657 787/1214/664 789/1215/669
f 905/1223/756 904/1224/767 903/874/766
f 903/874/766 902/1225/763 901/875/760
f 901/875/760 895/1226/1123 900/876/758
f 900/876/758 905/1223/756 903/874/766
f 11/20/17 37/21/18 8/17/16
f 5/3/3 28/28/21 9/26/20
f 12/33/22 40/34/23 7/31/13
f 15/48/35 31/53/39 19/51/20
f 23/58/43 46/59/44 18/56/38
f 17/40/27 32/66/45 20/64/42
f 24/71/46 49/73/47 21/69/13
f 56/84/55 57/83/54 62/95/63
f 148/203/145 151/1158/149 150/205/147
f 783/1193/1114 791/1200/1117 792/759/665
f 2/9/9 27/14/14 6/12/12
f 783/1176/1114 790/1199/1118 797/1197/1116
f 797/1197/1116 789/763/669 803/778/683
f 791/1198/1117 797/1197/1116 804/768/673
f 794/753/659 805/772/677 806/764/670
f 808/769/674 807/1202/678 815/1201/1119
f 817/775/680 820/776/681 823/792/696
f 819/782/687 818/779/684 828/799/702
f 828/799/702 818/779/684 827/790/694
f 832/800/703 836/1246/701 843/1204/707
f 842/805/708 850/1208/1121 851/813/715
f 852/814/716 853/822/723 834/794/698
f 854/825/726 855/818/719 847/811/714
f 850/1208/1121 857/828/729 858/831/718
f 845/807/710 853/822/723 867/839/737
f 862/826/727 870/841/739 871/836/735
f 856/819/720 875/843/741 864/827/728
f 882/848/746 889/1209/1122 883/867/762
f 883/867/762 889/1209/1122 894/863/759
f 888/855/751 896/870/765 897/873/768
f 898/859/755 905/860/756 900/1212/758
f 789/1215/669 790/1247/1118 783/1248/1114
f 783/1248/1114 784/1249/1115 785/1213/657
f 785/1213/657 786/1250/661 787/1214/664
f 787/1214/664 788/1251/663 789/1215/669
f 789/1215/669 783/1248/1114 785/1213/657
usemtl Mat.1
f 161/214/150 157/215/151 154/216/152
f 163/217/153 155/218/154 156/219/155
f 158/220/156 162/221/157 161/214/150
f 156/219/155 164/222/158 163/217/153
f 161/214/150 165/223/159 156/219/155
f 162/221/157 169/224/160 161/214/150
f 166/225/161 158/220/156 159/226/162
f 155/227/154 167/228/163 159/226/162
f 163/229/153 167/228/163 155/227/154
f 170/230/164 162/221/157 158/220/156
f 171/231/165 166/225/161 159/226/162
f 172/232/166 167/228/163 163/229/153
f 164/222/158 173/233/167 163/217/153
f 165/223/159 178/234/168 160/235/169
f 182/236/170 169/224/160 162/221/157
f 174/237/171 158/220/156 166/225/161
f 173/238/167 172/232/166 163/229/153
f 181/239/172 169/224/160 182/236/170
f 171/231/165 175/240/173 166/225/161
f 177/241/174 171/231/165 167/228/163
f 165/223/159 187/242/175 178/234/168
f 180/243/176 168/244/177 169/224/160
f 174/237/171 183/245/178 170/230/164
f 171/231/165 184/246/179 175/240/173
f 173/238/167 185/247/180 172/232/166
f 186/248/181 173/233/167 164/222/158
f 188/249/182 183/245/178 174/237/171
f 188/249/182 174/237/171 175/240/173
f 184/246/179 171/231/165 177/241/174
f 167/228/163 190/250/183 177/241/174
f 196/251/184 167/228/163 172/232/166
f 173/233/167 206/252/185 185/253/180
f 191/254/186 181/239/172 182/236/170
f 183/245/178 192/255/187 182/236/170
f 184/246/179 193/256/188 175/240/173
f 186/248/181 198/257/189 173/233/167
f 199/258/190 186/248/181 176/259/191
f 199/258/190 176/259/191 187/242/175
f 179/260/192 194/261/193 187/242/175
f 201/262/194 179/260/192 180/243/176
f 195/263/195 183/245/178 188/249/182
f 189/264/196 204/265/197 184/246/179
f 206/266/185 197/267/198 185/247/180
f 188/249/182 215/268/199 195/263/195
f 205/269/200 190/250/183 196/251/184
f 197/267/198 205/269/200 196/251/184
f 198/257/189 217/270/201 206/252/185
f 186/248/181 207/271/202 198/257/189
f 208/272/203 186/248/181 199/258/190
f 211/273/204 199/258/190 187/242/175
f 189/264/196 209/274/205 204/265/197
f 209/274/205 189/264/196 190/250/183
f 205/269/200 210/275/206 190/250/183
f 212/276/207 194/261/193 200/277/208
f 201/262/194 219/278/209 200/277/208
f 228/279/210 201/262/194 202/280/211
f 223/281/212 202/280/211 191/254/186
f 216/282/213 203/283/214 193/256/188
f 216/282/213 193/256/188 204/265/197
f 226/284/215 205/269/200 197/267/198
f 221/285/216 211/273/204 194/261/193
f 230/286/217 215/268/199 203/283/214
f 220/287/218 216/282/213 204/265/197
f 225/288/219 210/275/206 205/269/200
f 222/289/220 228/279/210 202/280/211
f 238/290/221 223/281/212 191/254/186
f 213/291/222 238/290/221 191/254/186
f 224/292/223 214/293/224 215/268/199
f 231/294/225 226/284/215 197/267/198
f 207/271/202 233/295/226 217/270/201
f 227/296/227 211/273/204 221/285/216
f 236/297/228 221/285/216 212/276/207
f 224/292/223 229/298/229 214/293/224
f 232/299/230 231/300/225 217/270/201
f 242/301/231 227/296/227 221/285/216
f 253/302/232 219/278/209 228/279/210
f 237/303/233 228/279/210 222/289/220
f 244/304/234 229/298/229 224/292/223
f 246/305/235 230/286/217 216/282/213
f 247/306/236 220/287/218 209/274/205
f 225/288/219 248/307/237 239/308/238
f 233/295/226 240/309/239 232/299/230
f 234/310/240 241/311/241 218/312/242
f 219/278/209 243/313/243 236/297/228
f 269/314/244 213/291/222 229/298/229
f 256/315/245 244/304/234 224/292/223
f 245/316/246 224/292/223 230/286/217
f 392/317/247 226/284/215 231/294/225
f 231/294/225 232/318/230 249/319/248
f 240/309/239 233/295/226 391/320/249
f 233/295/226 250/321/250 391/320/249
f 242/301/231 260/322/251 227/296/227
f 238/290/221 254/323/252 222/289/220
f 257/324/253 246/305/235 220/287/218
f 257/324/253 220/287/218 247/306/236
f 258/325/254 239/308/238 248/307/237
f 270/326/255 259/327/256 226/284/215
f 392/317/247 270/326/255 226/284/215
f 234/310/240 266/328/257 241/311/241
f 255/329/258 254/323/252 238/290/221
f 262/330/259 229/298/229 244/304/234
f 263/331/260 270/326/255 392/317/247
f 266/328/257 234/310/240 252/332/261
f 267/333/262 242/301/231 243/313/243
f 273/334/263 243/313/243 253/302/232
f 241/311/241 265/335/264 251/336/265
f 237/303/233 274/337/266 273/334/263
f 254/323/252 275/338/267 268/339/268
f 258/325/254 289/340/269 247/306/236
f 276/341/270 248/307/237 259/327/256
f 265/335/264 393/342/271 264/343/272
f 272/344/273 267/333/262 243/313/243
f 279/345/274 275/338/267 254/323/252
f 279/345/274 254/323/252 255/329/258
f 269/314/244 280/346/275 255/329/258
f 283/347/276 256/315/245 245/316/246
f 288/348/277 245/316/246 246/305/235
f 284/349/278 246/305/235 257/324/253
f 270/326/255 285/350/279 276/341/270
f 277/351/280 285/350/279 270/326/255
f 266/328/257 278/352/281 241/311/241
f 287/353/282 272/344/273 273/334/263
f 274/337/266 293/354/283 273/334/263
f 280/346/275 279/345/274 255/329/258
f 276/341/270 295/355/284 258/325/254
f 306/356/285 277/351/280 296/357/286
f 286/358/287 290/359/288 393/342/271
f 252/332/261 297/360/289 266/328/257
f 260/322/251 291/361/290 252/332/261
f 261/362/291 291/361/290 260/322/251
f 292/363/292 261/362/291 267/333/262
f 292/363/292 267/333/262 272/344/273
f 258/325/254 303/364/293 289/340/269
f 290/359/288 286/358/287 394/365/294
f 297/360/289 278/352/281 266/328/257
f 301/366/295 283/347/276 288/348/277
f 302/367/296 284/349/278 289/340/269
f 303/364/293 302/367/296 289/340/269
f 313/368/297 276/341/270 285/350/279
f 306/356/285 296/357/286 395/369/298
f 294/370/299 310/371/300 274/337/266
f 304/372/301 294/370/299 275/338/267
f 279/345/274 304/372/301 275/338/267
f 283/347/276 300/373/302 282/374/303
f 305/375/304 288/348/277 284/349/278
f 302/367/296 305/375/304 284/349/278
f 316/376/305 307/377/306 396/378/307
f 286/358/287 308/379/308 394/365/294
f 297/360/289 309/380/309 278/352/281
f 318/381/310 299/382/311 287/353/282
f 310/371/300 293/354/283 274/337/266
f 281/383/312 312/384/313 311/385/314
f 305/375/304 301/366/295 288/348/277
f 321/386/315 303/364/293 295/355/284
f 322/387/316 313/368/297 306/356/285
f 314/388/317 395/369/298 397/389/318
f 315/390/319 314/388/317 397/389/318
f 309/380/309 308/379/308 286/358/287
f 317/391/320 309/380/309 297/360/289
f 291/361/290 317/391/320 297/360/289
f 323/392/321 291/361/290 298/393/322
f 310/371/300 318/381/310 287/353/282
f 294/370/299 319/394/323 310/371/300
f 300/373/302 312/384/313 281/383/312
f 283/347/276 320/395/324 300/373/302
f 320/395/324 283/347/276 301/366/295
f 328/396/325 305/375/304 302/367/296
f 303/364/293 321/386/315 302/367/296
f 316/376/305 329/397/326 307/377/306
f 311/385/314 325/398/327 304/372/301
f 312/384/313 339/399/328 311/385/314
f 326/400/329 312/384/313 300/373/302
f 327/401/330 301/366/295 305/375/304
f 298/393/322 345/402/331 323/392/321
f 338/403/332 319/394/323 304/372/301
f 325/398/327 338/403/332 304/372/301
f 320/395/324 326/400/329 300/373/302
f 333/404/333 328/396/325 321/386/315
f 313/368/297 334/405/334 321/386/315
f 335/406/335 316/376/305 308/379/308
f 337/407/336 324/408/337 318/381/310
f 346/409/338 339/399/328 312/384/313
f 326/400/329 346/409/338 312/384/313
f 333/404/333 340/410/339 328/396/325
f 341/411/340 313/368/297 322/387/316
f 342/412/341 314/388/317 329/413/326
f 316/376/305 343/414/342 329/397/326
f 335/406/335 343/414/342 316/376/305
f 362/415/343 326/400/329 320/395/324
f 348/416/344 342/412/341 329/413/326
f 354/417/345 345/402/331 330/418/346
f 350/419/347 339/399/328 346/409/338
f 351/420/348 333/404/333 334/405/334
f 353/421/349 335/406/335 336/422/350
f 349/423/351 361/424/352 330/418/346
f 319/394/323 355/425/353 331/426/354
f 338/403/332 355/425/353 319/394/323
f 365/427/355 338/403/332 325/398/327
f 350/419/347 356/428/356 325/398/327
f 357/429/357 362/415/343 347/430/358
f 332/431/359 357/429/357 347/430/358
f 358/432/360 332/431/359 327/401/330
f 340/410/339 358/432/360 327/401/330
f 358/432/360 340/410/339 333/404/333
f 351/420/348 358/432/360 333/404/333
f 359/433/361 351/420/348 341/411/340
f 360/434/362 363/435/363 341/411/340
f 364/436/364 353/421/349 344/437/365
f 367/438/366 350/419/347 362/415/343
f 357/429/357 367/438/366 362/415/343
f 376/439/367 358/432/360 351/420/348
f 368/440/368 366/441/369 352/442/370
f 369/443/371 364/436/364 354/417/345
f 361/424/352 370/444/372 354/417/345
f 349/423/351 370/444/372 361/424/352
f 355/425/353 371/445/373 349/423/351
f 365/427/355 378/446/374 355/425/353
f 358/432/360 373/447/375 357/429/357
f 368/440/368 377/448/376 366/441/369
f 382/449/377 368/440/368 364/436/364
f 369/443/371 382/449/377 364/436/364
f 383/450/378 378/446/374 365/427/355
f 372/451/379 383/450/378 365/427/355
f 376/439/367 380/452/380 374/453/381
f 381/454/382 377/448/376 368/440/368
f 385/455/383 370/444/372 371/445/373
f 386/456/384 372/451/379 379/457/385
f 373/447/375 384/458/386 379/457/385
f 388/459/387 376/439/367 375/460/388
f 377/461/376 388/459/387 375/460/388
f 389/462/389 381/454/382 382/449/377
f 389/462/389 382/449/377 385/455/383
f 386/456/384 390/463/390 383/450/378
f 388/459/387 153/464/391 380/452/380
f 384/458/386 390/463/390 386/456/384
f 153/465/391 389/462/389 390/463/390
f 155/227/154 154/216/152 157/466/151
f 690/638/560 688/639/561 689/640/562
f 687/641/563 691/642/564 689/643/562
f 689/640/562 692/644/565 690/638/560
f 690/638/560 694/645/566 688/639/561
f 695/646/567 690/638/560 692/644/565
f 690/638/560 697/647/568 694/645/566
f 698/648/569 691/642/564 693/649/570
f 695/646/567 697/647/568 690/638/560
f 702/650/571 693/649/570 699/651/572
f 701/652/573 695/646/567 692/644/565
f 701/652/573 692/644/565 696/653/574
f 703/654/575 697/647/568 695/646/567
f 705/655/576 700/656/577 694/645/566
f 706/657/578 694/645/566 697/647/568
f 701/652/573 713/658/579 695/646/567
f 708/659/580 706/657/578 697/647/568
f 703/654/575 708/659/580 697/647/568
f 712/660/581 711/661/582 702/650/571
f 713/658/579 703/654/575 695/646/567
f 717/662/583 713/658/579 701/652/573
f 718/663/584 709/664/585 704/665/586
f 714/666/587 708/659/580 703/654/575
f 705/655/576 715/667/588 707/668/589
f 724/669/590 704/670/586 710/671/591
f 720/672/592 714/666/587 713/658/579
f 720/672/592 713/658/579 717/662/583
f 723/673/593 718/674/584 704/670/586
f 715/667/588 725/675/594 707/668/589
f 722/676/595 720/672/592 717/662/583
f 726/677/596 708/659/580 714/666/587
f 728/678/597 719/679/598 708/659/580
f 726/677/596 714/666/587 720/672/592
f 730/680/599 716/681/600 719/679/598
f 729/682/601 722/676/595 723/683/593
f 724/669/590 731/684/602 727/685/603
f 732/686/604 724/669/590 721/687/605
f 732/686/604 721/687/605 725/675/594
f 730/680/599 732/686/604 725/675/594
f 731/688/602 729/682/601 727/689/603
f 728/678/597 732/686/604 730/680/599
f 732/686/604 733/690/606 731/684/602
f 688/639/561 687/641/563 689/691/562
f 736/692/607 738/693/608 734/694/609
f 737/695/610 736/696/607 735/697/611
f 743/698/612 735/697/611 734/694/609
f 739/699/613 736/696/607 737/695/610
f 741/700/614 739/699/613 737/695/610
f 744/701/615 743/698/612 734/694/609
f 737/695/610 746/702/616 741/700/614
f 740/703/617 747/704/618 737/695/610
f 743/698/612 750/705/619 740/703/617
f 741/700/614 754/706/620 739/699/613
f 750/705/619 747/704/618 740/703/617
f 743/698/612 752/707/621 750/705/619
f 751/708/622 752/707/621 743/698/612
f 757/709/623 749/710/624 745/711/625
f 754/712/620 745/711/625 739/713/613
f 760/714/626 746/702/616 747/704/618
f 755/715/627 747/704/618 750/705/619
f 748/716/628 753/717/629 742/718/630
f 746/702/616 759/719/631 754/706/620
f 761/720/632 753/717/629 748/716/628
f 754/712/620 758/721/633 757/709/623
f 764/722/634 752/707/621 751/708/622
f 765/723/635 760/714/626 755/715/627
f 764/722/634 755/715/627 752/707/621
f 767/724/636 753/717/629 761/720/632
f 763/725/637 758/721/633 754/712/620
f 767/724/636 764/722/634 751/708/622
f 753/717/629 767/724/636 751/708/622
f 766/726/638 765/723/635 755/715/627
f 758/721/633 769/727/639 756/728/640
f 763/725/637 771/729/641 758/721/633
f 760/714/626 770/730/642 759/719/631
f 776/731/643 764/722/634 767/724/636
f 761/720/632 773/732/644 767/724/636
f 777/733/645 761/720/632 762/734/646
f 756/728/640 774/735/647 762/734/646
f 771/736/641 763/737/637 768/738/648
f 772/739/649 766/726/638 764/722/634
f 769/727/639 774/735/647 756/728/640
f 765/723/635 775/740/650 770/730/642
f 775/740/650 765/723/635 766/726/638
f 778/741/651 769/727/639 771/729/641
f 768/738/648 778/742/651 771/736/641
f 779/743/652 768/738/648 770/730/642
f 779/743/652 770/730/642 775/740/650
f 773/732/644 772/739/649 776/731/643
f 780/744/653 777/733/645 774/735/647
f 779/743/652 781/745/654 778/742/651
f 772/739/649 779/743/652 775/740/650
f 782/746/655 772/739/649 773/732/644
f 778/741/651 780/744/653 774/735/647
f 735/697/611 736/696/607 734/747/609
f 782/748/655 780/744/653 781/749/654
f 909/877/769 908/878/770 906/879/771
f 910/880/772 906/881/771 908/878/770
f 913/882/773 912/883/774 906/881/771
f 910/880/772 913/882/773 906/881/771
f 914/884/775 910/880/772 908/878/770
f 918/885/776 913/882/773 910/880/772
f 914/884/775 925/886/777 910/880/772
f 916/887/778 915/888/779 909/877/769
f 917/889/780 909/877/769 911/890/781
f 921/891/782 918/885/776 910/880/772
f 918/885/776 920/892/783 913/882/773
f 914/884/775 922/893/784 925/886/777
f 922/893/784 914/884/775 915/888/779
f 913/894/773 920/895/783 912/896/774
f 931/897/785 920/892/783 918/885/776
f 933/898/786 925/886/777 922/893/784
f 935/899/787 923/900/788 916/887/778
f 926/901/789 916/887/778 917/889/780
f 924/902/790 927/903/791 919/904/792
f 925/886/777 928/905/793 921/891/782
f 923/900/788 936/906/794 922/893/784
f 919/904/792 929/907/795 917/889/780
f 921/891/782 932/908/796 931/897/785
f 933/898/786 928/905/793 925/886/777
f 922/893/784 934/909/797 933/898/786
f 936/906/794 934/909/797 922/893/784
f 942/910/798 919/904/792 927/903/791
f 932/908/796 921/891/782 928/905/793
f 937/911/799 924/902/790 930/912/800
f 941/913/801 935/899/787 926/901/789
f 924/902/790 937/911/799 927/903/791
f 938/914/802 937/911/799 930/912/800
f 931/915/785 938/914/802 930/912/800
f 943/916/803 936/906/794 935/899/787
f 950/917/804 941/913/801 929/907/795
f 932/908/796 944/918/805 939/919/806
f 928/905/793 944/918/805 932/908/796
f 944/918/805 938/920/802 939/919/806
f 945/921/807 940/922/808 934/909/797
f 946/923/809 950/917/804 942/910/798
f 947/924/810 942/910/798 937/911/799
f 943/916/803 945/921/807 934/909/797
f 941/913/801 949/925/811 943/916/803
f 948/926/812 938/920/802 944/918/805
f 907/927/813 951/928/814 945/921/807
f 907/927/813 945/921/807 949/925/811
f 907/927/813 949/925/811 950/917/804
f 907/927/813 950/917/804 946/923/809
f 947/924/810 907/927/813 946/923/809
f 951/928/814 907/927/813 948/926/812
f 948/929/812 907/930/813 947/924/810
f 959/931/815 955/932/816 956/933/817
f 957/934/818 952/935/819 954/936/820
f 962/937/821 957/938/818 958/939/822
f 964/940/823 958/939/822 955/932/816
f 966/941/824 959/931/815 960/942/825
f 968/943/826 960/942/825 961/944/827
f 969/945/828 962/937/821 963/946/829
f 965/947/830 970/948/831 964/940/823
f 971/949/832 965/947/830 959/931/815
f 973/950/833 966/941/824 967/951/834
f 961/944/827 974/952/835 968/943/826
f 975/953/836 961/944/827 957/934/818
f 977/954/837 976/955/838 962/937/821
f 969/945/828 977/954/837 962/937/821
f 979/956/839 963/946/829 964/940/823
f 980/957/840 972/958/841 966/941/824
f 973/950/833 980/957/840 966/941/824
f 982/959/842 967/951/834 968/943/826
f 977/954/837 983/960/843 976/955/838
f 984/961/844 969/945/828 978/962/845
f 992/963/846 979/956/839 970/948/831
f 985/964/847 970/948/831 971/949/832
f 980/957/840 987/965/848 972/958/841
f 988/966/849 973/950/833 981/967/850
f 994/968/851 982/959/842 974/952/835
f 989/969/852 974/952/835 975/953/836
f 991/970/853 984/961/844 978/962/845
f 991/970/853 978/962/845 979/956/839
f 993/971/854 988/966/849 981/967/850
f 993/971/854 981/967/850 982/959/842
f 1007/972/855 983/960/843 977/954/837
f 995/973/856 977/954/837 984/961/844
f 1010/974/857 991/970/853 992/963/846
f 987/965/848 1000/975/858 986/976/859
f 1013/977/860 987/965/848 980/957/840
f 1001/978/861 980/957/840 988/966/849
f 1016/979/862 993/971/854 994/968/851
f 983/980/843 1006/981/863 990/982/864
f 1011/983/865 998/984/866 999/985/867
f 986/976/859 1012/986/868 999/985/867
f 1000/975/858 1012/986/868 986/976/859
f 1017/987/869 1004/988/870 1005/989/871
f 990/982/864 1018/990/872 1005/989/871
f 1006/981/863 1018/990/872 990/982/864
f 1028/991/873 1007/972/855 995/973/856
f 1019/992/874 995/973/856 996/993/875
f 1019/992/874 996/993/875 1008/994/876
f 1009/995/877 1020/996/878 1008/994/876
f 1033/997/879 997/998/880 998/984/866
f 1021/999/881 1012/986/868 1000/975/858
f 1036/1000/882 1013/977/860 1001/978/861
f 1023/1001/883 1001/978/861 1002/1002/884
f 1023/1001/883 1002/1002/884 1014/1003/885
f 1015/1004/886 1024/1005/887 1014/1003/885
f 1041/1006/888 1003/1007/889 1004/988/870
f 1025/1008/890 1018/990/872 1006/981/863
f 995/973/856 1029/1009/891 1028/991/873
f 1030/1010/892 1020/996/878 1009/995/877
f 1031/1011/893 1009/995/877 1010/974/857
f 1012/986/868 1034/1012/894 1011/983/865
f 1035/1013/895 1022/1014/896 1013/977/860
f 1001/978/861 1037/1015/897 1036/1000/882
f 1038/1016/898 1024/1005/887 1015/1004/886
f 1039/1017/899 1015/1004/886 1016/979/862
f 1018/990/872 1042/1018/900 1017/987/869
f 1027/1019/901 1026/1020/902 1007/1021/855
f 1044/1022/903 1029/1009/891 1019/992/874
f 1020/996/878 1044/1022/903 1019/992/874
f 1045/580/904 1032/1023/905 1033/997/879
f 1034/1012/894 1046/1024/906 1033/997/879
f 1048/1025/907 1037/1015/897 1023/1001/883
f 1024/1005/887 1048/1025/907 1023/1001/883
f 1049/1026/908 1040/1027/909 1041/1006/888
f 1042/1018/900 1050/1028/910 1041/1006/888
f 1051/1029/911 1029/1009/891 1044/1022/903
f 1052/1030/912 1030/1010/892 1031/1011/893
f 1054/1031/913 1034/1012/894 1021/999/881
f 1055/1032/914 1021/999/881 1035/1013/895
f 1057/1033/915 1037/1015/897 1048/1025/907
f 1058/1034/916 1038/1016/898 1039/1017/899
f 1060/1035/917 1042/1018/900 1025/1008/890
f 1061/1036/918 1025/1008/890 1027/1019/901
f 1063/1037/919 1043/1038/920 1029/1009/891
f 1051/1029/911 1064/1039/921 1029/1009/891
f 1065/1040/922 1051/1029/911 1044/1022/903
f 1067/1041/923 1053/1042/924 1045/580/904
f 1046/1024/906 1068/1043/925 1045/580/904
f 1054/1031/913 1069/1044/926 1046/1024/906
f 1070/1045/927 1047/1046/928 1037/1015/897
f 1057/1033/915 1071/1047/929 1037/1015/897
f 1072/1048/930 1057/1033/915 1048/1025/907
f 1074/1049/931 1059/1050/932 1049/1026/908
f 1050/1028/910 1075/1051/933 1049/1026/908
f 1060/1035/917 1076/1052/934 1050/1028/910
f 1078/1053/935 1052/1030/912 1053/1042/924
f 1067/1041/923 1078/1053/935 1053/1042/924
f 1088/1054/936 1054/1031/913 1055/1032/914
f 1079/1055/937 1055/1032/914 1056/1056/938
f 1081/1057/939 1058/1034/916 1059/1050/932
f 1074/1049/931 1081/1057/939 1059/1050/932
f 1094/1058/940 1060/1035/917 1061/1036/918
f 1082/1059/941 1061/1036/918 1062/1060/942
f 1095/1061/943 1077/1062/944 1063/1037/919
f 1083/1063/945 1064/1039/921 1065/1040/922
f 1084/1064/946 1065/1040/922 1066/1065/947
f 1085/1066/948 1066/1065/947 1078/1053/935
f 1086/1067/949 1067/1041/923 1068/1043/925
f 1069/1044/926 1087/1068/950 1068/1043/925
f 1100/1069/951 1080/1070/952 1070/1045/927
f 1089/1071/953 1071/1047/929 1072/1048/930
f 1090/1072/954 1072/1048/930 1073/1073/955
f 1091/1074/956 1073/1073/955 1081/1057/939
f 1092/1075/957 1074/1049/931 1075/1051/933
f 1076/1052/934 1093/1076/958 1075/1051/933
f 1084/1064/946 1096/1077/959 1083/1063/945
f 1098/1078/960 1087/1068/950 1088/1054/936
f 1099/1079/961 1088/1054/936 1079/1055/937
f 1090/1072/954 1101/1080/962 1089/1071/953
f 1103/1081/963 1093/1076/958 1094/1058/940
f 1104/1082/964 1094/1058/940 1082/1059/941
f 1105/1083/965 1077/1062/944 1095/1061/943
f 1083/1063/945 1106/1084/966 1095/1061/943
f 1107/1085/967 1096/1077/959 1084/1064/946
f 1085/1066/948 1107/1085/967 1084/1064/946
f 1097/1086/968 1107/1085/967 1085/1066/948
f 1108/1087/969 1097/1086/968 1086/1067/949
f 1087/1068/950 1109/1088/970 1086/1067/949
f 1110/1089/971 1080/1070/952 1100/1069/951
f 1089/1071/953 1111/1090/972 1100/1069/951
f 1112/1091/973 1101/1080/962 1090/1072/954
f 1091/1074/956 1112/1091/973 1090/1072/954
f 1102/1092/974 1112/1091/973 1091/1074/956
f 1113/1093/975 1102/1092/974 1092/1075/957
f 1093/1076/958 1114/1094/976 1092/1075/957
f 1115/1095/977 1106/1084/966 1096/1077/959
f 1107/1085/967 1115/1095/977 1096/1077/959
f 1116/1096/978 1109/1088/970 1087/1068/950
f 1117/1097/979 1098/1078/960 1099/1079/961
f 1118/1098/980 1111/1090/972 1101/1080/962
f 1112/1091/973 1118/1098/980 1101/1080/962
f 1119/1099/981 1114/1094/976 1093/1076/958
f 1120/1100/982 1103/1081/963 1104/1082/964
f 1121/1101/983 1105/1083/965 1106/1084/966
f 1122/1102/984 1106/1084/966 1115/1095/977
f 1108/1087/969 1127/1103/985 1107/1085/967
f 1109/1088/970 1123/1104/986 1108/1087/969
f 1124/1105/987 1099/1079/961 1110/1089/971
f 1124/1105/987 1110/1089/971 1111/1090/972
f 1125/1106/988 1111/1090/972 1118/1098/980
f 1113/1093/975 1130/1107/989 1112/1091/973
f 1114/1094/976 1126/1108/990 1113/1093/975
f 1121/1109/983 1104/1082/964 1105/1110/965
f 1128/1111/991 1123/1104/986 1116/1096/978
f 1129/1112/992 1117/1097/979 1124/1105/987
f 1131/1113/993 1126/1108/990 1119/1099/981
f 1132/1114/994 1120/1100/982 1121/1109/983
f 1133/1115/995 1132/1116/994 1121/1101/983
f 1133/1115/995 1121/1101/983 1122/1102/984
f 1127/1103/985 1134/1117/996 1122/1102/984
f 1135/1118/997 1127/1103/985 1123/1104/986
f 1136/1119/998 1129/1112/992 1124/1105/987
f 1136/1119/998 1124/1105/987 1125/1106/988
f 1130/1107/989 1137/1120/999 1125/1106/988
f 1137/1120/999 1130/1107/989 1126/1108/990
f 1138/1121/1000 1135/1118/997 1128/1111/991
f 1138/1121/1000 1128/1111/991 1129/1112/992
f 1140/1122/1001 1131/1113/993 1132/1114/994
f 953/1123/1002 1133/1115/995 1135/1118/997
f 1136/1119/998 1141/1124/1003 1138/1121/1000
f 1142/1125/1004 1139/1126/1005 1140/1122/1001
f 1133/1127/995 1142/1125/1004 1140/1122/1001
f 955/932/816 954/1128/820 952/1129/819
f 956/933/817 955/932/816 952/1130/819
f 953/1131/1002 1141/1124/1003 1139/1126/1005
f 953/1132/1002 1139/1126/1005 1142/1125/1004
f 251/336/265 264/343/272 250/321/250
f 156/219/155 155/218/154 157/215/151
f 154/216/152 158/220/156 161/214/150
f 159/226/162 158/220/156 154/216/152
f 155/227/154 159/226/162 154/216/152
f 157/215/151 161/214/150 156/219/155
f 160/235/169 164/222/158 156/219/155
f 165/223/159 160/235/169 156/219/155
f 161/214/150 168/244/177 165/223/159
f 169/224/160 168/244/177 161/214/150
f 159/226/162 167/228/163 171/231/165
f 162/221/157 170/230/164 182/236/170
f 158/220/156 174/237/171 170/230/164
f 175/240/173 174/237/171 166/225/161
f 176/259/191 164/222/158 160/235/169
f 178/234/168 176/259/191 160/235/169
f 168/244/177 179/260/192 165/223/159
f 168/244/177 180/243/176 179/260/192
f 169/224/160 181/239/172 180/243/176
f 170/230/164 183/245/178 182/236/170
f 176/259/191 186/248/181 164/222/158
f 178/234/168 187/242/175 176/259/191
f 165/223/159 179/260/192 187/242/175
f 189/264/196 184/246/179 177/241/174
f 190/250/183 189/264/196 177/241/174
f 167/228/163 196/251/184 190/250/183
f 172/232/166 185/247/180 196/251/184
f 182/236/170 192/255/187 191/254/186
f 175/240/173 203/283/214 188/249/182
f 175/240/173 193/256/188 203/283/214
f 198/257/189 206/252/185 173/233/167
f 202/280/211 180/243/176 181/239/172
f 191/254/186 202/280/211 181/239/172
f 184/246/179 204/265/197 193/256/188
f 185/247/180 197/267/198 196/251/184
f 179/260/192 200/277/208 194/261/193
f 179/260/192 201/262/194 200/277/208
f 183/245/178 214/293/224 192/255/187
f 195/263/195 214/293/224 183/245/178
f 188/249/182 203/283/214 215/268/199
f 208/272/203 207/271/202 186/248/181
f 187/242/175 194/261/193 211/273/204
f 202/280/211 201/262/194 180/243/176
f 210/275/206 209/274/205 190/250/183
f 217/270/201 197/1159/198 206/252/185
f 207/271/202 217/270/201 198/257/189
f 192/255/187 213/291/222 191/254/186
f 192/255/187 214/293/224 213/291/222
f 215/268/199 214/293/224 195/263/195
f 203/283/214 216/282/213 230/286/217
f 208/272/203 218/312/242 207/271/202
f 235/1160/1007 208/272/203 199/258/190
f 211/273/204 235/1160/1007 199/258/190
f 212/276/207 221/285/216 194/261/193
f 219/278/209 212/276/207 200/277/208
f 215/268/199 230/286/217 224/292/223
f 209/274/205 220/287/218 204/265/197
f 210/275/206 239/308/238 209/274/205
f 217/270/201 231/300/225 197/1159/198
f 228/279/210 219/278/209 201/262/194
f 223/281/212 222/289/220 202/280/211
f 210/275/206 225/288/219 239/308/238
f 226/284/215 225/288/219 205/269/200
f 208/272/203 234/310/240 218/312/242
f 235/1160/1007 234/310/240 208/272/203
f 211/273/204 227/296/227 235/1160/1007
f 219/278/209 236/297/228 212/276/207
f 214/293/224 229/298/229 213/291/222
f 233/295/226 232/299/230 217/270/201
f 207/271/202 251/336/265 233/295/226
f 218/312/242 251/336/265 207/271/202
f 238/290/221 222/289/220 223/281/212
f 213/291/222 255/329/258 238/290/221
f 239/308/238 247/306/236 209/274/205
f 226/284/215 259/327/256 225/288/219
f 241/311/241 251/336/265 218/312/242
f 236/297/228 242/301/231 221/285/216
f 237/303/233 253/302/232 228/279/210
f 213/291/222 269/314/244 255/329/258
f 224/292/223 245/316/246 256/315/245
f 230/286/217 246/305/235 245/316/246
f 220/287/218 246/305/235 216/282/213
f 259/327/256 248/307/237 225/288/219
f 249/319/248 392/317/247 231/294/225
f 251/336/265 250/321/250 233/295/226
f 235/1160/1007 252/332/261 234/310/240
f 227/296/227 252/332/261 235/1160/1007
f 243/313/243 242/301/231 236/297/228
f 253/302/232 243/313/243 219/278/209
f 222/289/220 268/339/268 237/303/233
f 254/323/252 268/339/268 222/289/220
f 239/308/238 258/325/254 247/306/236
f 260/322/251 252/332/261 227/296/227
f 242/301/231 261/362/291 260/322/251
f 237/303/233 273/334/263 253/302/232
f 229/298/229 262/330/259 269/314/244
f 256/315/245 262/330/259 244/304/234
f 281/383/312 262/330/259 282/374/303
f 267/333/262 261/362/291 242/301/231
f 259/327/256 270/326/255 276/341/270
f 263/331/260 271/1161/1008 270/326/255
f 268/339/268 274/337/266 237/303/233
f 262/330/259 256/315/245 282/374/303
f 247/306/236 284/349/278 257/324/253
f 248/307/237 276/341/270 258/325/254
f 277/351/280 270/326/255 271/1161/1008
f 241/311/241 278/352/281 265/335/264
f 273/334/263 272/344/273 243/313/243
f 281/383/312 280/346/275 269/314/244
f 292/363/292 324/408/337 298/393/322
f 256/315/245 283/347/276 282/374/303
f 246/305/235 284/349/278 288/348/277
f 289/340/269 284/349/278 247/306/236
f 393/342/271 265/335/264 286/358/287
f 268/339/268 294/370/299 274/337/266
f 275/338/267 294/370/299 268/339/268
f 245/316/246 288/348/277 283/347/276
f 277/351/280 306/356/285 285/350/279
f 265/335/264 278/352/281 286/358/287
f 252/332/261 291/361/290 297/360/289
f 287/353/282 299/382/311 272/344/273
f 293/354/283 287/353/282 273/334/263
f 258/325/254 295/355/284 303/364/293
f 261/362/291 298/393/322 291/361/290
f 292/363/292 298/393/322 261/362/291
f 272/344/273 299/382/311 292/363/292
f 280/346/275 311/385/314 279/345/274
f 280/346/275 281/383/312 311/385/314
f 300/373/302 281/383/312 282/374/303
f 276/341/270 313/368/297 295/355/284
f 309/380/309 286/358/287 278/352/281
f 285/350/279 306/356/285 313/368/297
f 396/378/307 394/365/294 316/376/305
f 394/365/294 308/379/308 316/376/305
f 315/390/319 329/413/326 314/388/317
f 293/354/283 310/371/300 287/353/282
f 311/385/314 304/372/301 279/345/274
f 395/369/298 314/388/317 306/356/285
f 307/377/306 329/397/326 398/1162/1009
f 299/382/311 318/381/310 324/408/337
f 304/372/301 319/394/323 294/370/299
f 321/386/315 328/396/325 302/367/296
f 295/355/284 313/368/297 321/386/315
f 314/388/317 322/387/316 306/356/285
f 371/445/373 383/450/378 385/455/383
f 291/361/290 323/392/321 317/391/320
f 324/408/337 330/418/346 298/393/322
f 310/371/300 331/426/354 318/381/310
f 319/394/323 331/426/354 310/371/300
f 328/396/325 327/401/330 305/375/304
f 309/380/309 336/422/350 308/379/308
f 330/418/346 345/402/331 298/393/322
f 331/426/354 337/407/336 318/381/310
f 339/399/328 325/398/327 311/385/314
f 301/366/295 347/430/358 320/395/324
f 301/366/295 332/431/359 347/430/358
f 327/401/330 332/431/359 301/366/295
f 334/405/334 333/404/333 321/386/315
f 308/379/308 336/422/350 335/406/335
f 317/391/320 336/422/350 309/380/309
f 323/392/321 345/402/331 317/391/320
f 324/408/337 337/407/336 330/418/346
f 340/410/339 327/401/330 328/396/325
f 313/368/297 341/411/340 334/405/334
f 314/388/317 342/412/341 322/387/316
f 343/414/342 348/1163/344 329/397/326
f 345/402/331 344/437/365 317/391/320
f 347/430/358 362/415/343 320/395/324
f 342/412/341 341/411/340 322/387/316
f 317/391/320 353/421/349 336/422/350
f 344/437/365 353/421/349 317/391/320
f 337/407/336 349/423/351 330/418/346
f 331/426/354 349/423/351 337/407/336
f 339/399/328 350/419/347 325/398/327
f 362/415/343 346/409/338 326/400/329
f 341/411/340 351/420/348 334/405/334
f 335/406/335 352/442/370 343/414/342
f 335/406/335 353/421/349 352/442/370
f 361/424/352 354/417/345 330/418/346
f 355/425/353 349/423/351 331/426/354
f 325/398/327 356/428/356 365/427/355
f 342/412/341 360/434/362 341/411/340
f 348/416/344 360/434/362 342/412/341
f 343/414/342 366/441/369 348/1163/344
f 352/442/370 366/441/369 343/414/342
f 345/402/331 354/417/345 344/437/365
f 365/427/355 355/425/353 338/403/332
f 362/415/343 350/419/347 346/409/338
f 358/432/360 357/429/357 332/431/359
f 341/411/340 363/435/363 359/433/361
f 353/421/349 364/436/364 352/442/370
f 344/437/365 354/417/345 364/436/364
f 350/419/347 372/451/379 356/428/356
f 350/419/347 367/438/366 372/451/379
f 351/420/348 359/433/361 376/439/367
f 348/416/344 366/1164/369 360/434/362
f 364/436/364 368/440/368 352/442/370
f 370/444/372 369/443/371 354/417/345
f 371/445/373 370/444/372 349/423/351
f 372/451/379 365/427/355 356/428/356
f 373/447/375 367/438/366 357/429/357
f 374/453/381 373/447/375 358/432/360
f 376/439/367 374/453/381 358/432/360
f 360/434/362 375/460/388 363/435/363
f 366/1164/369 375/460/388 360/434/362
f 366/441/369 377/448/376 375/1165/388
f 378/446/374 371/445/373 355/425/353
f 363/435/363 376/439/367 359/433/361
f 369/443/371 370/444/372 382/449/377
f 379/457/385 372/451/379 367/438/366
f 373/447/375 379/457/385 367/438/366
f 363/435/363 375/460/388 376/439/367
f 374/453/381 380/452/380 373/447/375
f 368/440/368 382/449/377 381/454/382
f 370/444/372 385/455/383 382/449/377
f 386/456/384 383/450/378 372/451/379
f 379/457/385 384/458/386 386/456/384
f 380/452/380 384/458/386 373/447/375
f 376/439/367 388/459/387 380/452/380
f 377/461/376 381/1166/382 388/459/387
f 380/452/380 387/1167/1010 384/458/386
f 390/463/390 385/455/383 383/450/378
f 380/452/380 153/464/391 387/1167/1010
f 381/1168/382 153/464/391 388/459/387
f 381/454/382 389/462/389 153/1169/391
f 390/463/390 389/462/389 385/455/383
f 387/1167/1010 390/463/390 384/458/386
f 153/464/391 390/463/390 387/1167/1010
f 410/1171/392 402/1172/392 411/1173/392
f 706/657/578 716/681/600 705/655/576
f 691/642/564 696/1190/574 689/643/562
f 693/649/570 691/642/564 687/641/563
f 688/639/561 693/649/570 687/641/563
f 688/639/561 694/645/566 700/656/577
f 696/653/574 692/644/565 689/640/562
f 688/639/561 699/651/572 693/649/570
f 688/639/561 700/656/577 699/651/572
f 711/661/582 698/648/569 693/649/570
f 702/650/571 711/661/582 693/649/570
f 709/664/585 701/652/573 696/653/574
f 696/653/574 691/1191/564 709/664/585
f 704/670/586 709/1192/585 691/642/564
f 698/648/569 704/670/586 691/642/564
f 700/656/577 705/655/576 699/651/572
f 706/657/578 705/655/576 694/645/566
f 710/671/591 704/670/586 698/648/569
f 711/661/582 710/671/591 698/648/569
f 699/651/572 707/668/589 702/650/571
f 705/655/576 707/668/589 699/651/572
f 709/664/585 717/662/583 701/652/573
f 712/660/581 710/671/591 711/661/582
f 707/668/589 712/660/581 702/650/571
f 713/658/579 714/666/587 703/654/575
f 705/655/576 716/681/600 715/667/588
f 717/662/583 723/683/593 722/676/595
f 708/659/580 719/679/598 706/657/578
f 709/664/585 718/663/584 717/662/583
f 727/685/603 723/673/593 704/670/586
f 724/669/590 727/685/603 704/670/586
f 712/660/581 721/687/605 710/671/591
f 707/668/589 725/675/594 712/660/581
f 716/681/600 730/680/599 715/667/588
f 710/671/591 721/687/605 724/669/590
f 725/675/594 721/687/605 712/660/581
f 730/680/599 725/675/594 715/667/588
f 708/659/580 726/677/596 728/678/597
f 722/676/595 726/677/596 720/672/592
f 719/679/598 728/678/597 730/680/599
f 727/689/603 729/682/601 723/683/593
f 729/682/601 726/677/596 722/676/595
f 732/686/604 731/684/602 724/669/590
f 733/1195/606 728/678/597 726/677/596
f 726/677/596 729/682/601 733/1195/606
f 729/682/601 731/688/602 733/1195/606
f 728/678/597 733/1195/606 732/686/604
f 735/697/611 740/703/617 737/695/610
f 743/698/612 740/703/617 735/697/611
f 736/692/607 745/711/625 738/693/608
f 739/1196/613 745/711/625 736/692/607
f 734/694/609 742/718/630 744/701/615
f 738/693/608 742/718/630 734/694/609
f 748/716/628 742/718/630 738/693/608
f 745/711/625 749/710/624 738/693/608
f 747/704/618 746/702/616 737/695/610
f 738/693/608 749/710/624 748/716/628
f 744/701/615 751/708/622 743/698/612
f 742/718/630 751/708/622 744/701/615
f 746/702/616 754/706/620 741/700/614
f 742/718/630 753/717/629 751/708/622
f 754/712/620 757/709/623 745/711/625
f 755/715/627 760/714/626 747/704/618
f 752/707/621 755/715/627 750/705/619
f 749/710/624 756/728/640 748/716/628
f 749/710/624 757/709/623 756/728/640
f 756/728/640 762/734/646 748/716/628
f 748/716/628 762/734/646 761/720/632
f 759/719/631 763/737/637 754/706/620
f 760/714/626 759/719/631 746/702/616
f 758/721/633 756/728/640 757/709/623
f 764/722/634 766/726/638 755/715/627
f 768/738/648 763/737/637 759/719/631
f 759/719/631 770/730/642 768/738/648
f 760/714/626 765/723/635 770/730/642
f 771/729/641 769/727/639 758/721/633
f 767/724/636 773/732/644 776/731/643
f 761/720/632 777/733/645 773/732/644
f 762/734/646 774/735/647 777/733/645
f 772/739/649 775/740/650 766/726/638
f 776/731/643 772/739/649 764/722/634
f 779/743/652 778/742/651 768/738/648
f 778/741/651 774/735/647 769/727/639
f 777/733/645 780/744/653 773/732/644
f 780/744/653 782/746/655 773/732/644
f 778/741/651 781/749/654 780/744/653
f 772/739/649 782/746/655 779/743/652
f 779/743/652 782/746/655 781/745/654
f 952/935/819 960/942/825 956/933/817
f 906/879/771 911/890/781 909/877/769
f 906/879/771 912/896/774 911/890/781
f 908/878/770 915/888/779 914/884/775
f 909/877/769 915/888/779 908/878/770
f 917/889/780 916/887/778 909/877/769
f 925/886/777 921/891/782 910/880/772
f 915/888/779 916/887/778 923/900/788
f 911/890/781 919/904/792 917/889/780
f 911/890/781 912/896/774 924/902/790
f 924/902/790 919/904/792 911/890/781
f 930/912/800 924/902/790 912/896/774
f 912/896/774 920/895/783 930/912/800
f 923/900/788 922/893/784 915/888/779
f 916/887/778 926/901/789 935/899/787
f 921/891/782 931/897/785 918/885/776
f 917/889/780 929/907/795 926/901/789
f 923/900/788 935/899/787 936/906/794
f 942/910/798 929/907/795 919/904/792
f 920/895/783 931/915/785 930/912/800
f 932/908/796 939/919/806 931/897/785
f 933/898/786 934/909/797 940/922/808
f 929/907/795 941/913/801 926/901/789
f 937/911/799 942/910/798 927/903/791
f 940/922/808 928/905/793 933/898/786
f 931/915/785 939/1216/806 938/914/802
f 935/899/787 941/913/801 943/916/803
f 942/910/798 950/917/804 929/907/795
f 936/906/794 943/916/803 934/909/797
f 940/922/808 944/918/805 928/905/793
f 942/910/798 947/924/810 946/923/809
f 938/914/802 947/924/810 937/911/799
f 940/922/808 951/928/814 944/918/805
f 945/921/807 951/928/814 940/922/808
f 941/913/801 950/917/804 949/925/811
f 938/914/802 948/929/812 947/924/810
f 944/918/805 951/928/814 948/926/812
f 943/916/803 949/925/811 945/921/807
f 958/939/822 957/938/818 954/1128/820
f 955/932/816 958/939/822 954/1128/820
f 960/942/825 959/931/815 956/933/817
f 972/958/841 986/976/859 971/949/832
f 952/935/819 957/934/818 961/944/827
f 963/946/829 962/937/821 958/939/822
f 964/940/823 963/946/829 958/939/822
f 955/932/816 965/947/830 964/940/823
f 959/931/815 965/947/830 955/932/816
f 967/951/834 966/941/824 960/942/825
f 968/943/826 967/951/834 960/942/825
f 962/937/821 976/955/838 957/938/818
f 965/947/830 971/949/832 970/948/831
f 972/958/841 971/949/832 959/931/815
f 966/941/824 972/958/841 959/931/815
f 961/944/827 975/953/836 974/952/835
f 976/1217/838 975/953/836 957/934/818
f 963/946/829 978/962/845 969/945/828
f 963/946/829 979/956/839 978/962/845
f 964/940/823 970/948/831 979/956/839
f 967/951/834 981/967/850 973/950/833
f 967/951/834 982/959/842 981/967/850
f 968/943/826 974/952/835 982/959/842
f 984/961/844 977/954/837 969/945/828
f 985/964/847 992/963/846 970/948/831
f 999/985/867 985/964/847 971/949/832
f 971/949/832 986/976/859 999/985/867
f 976/1217/838 990/982/864 975/953/836
f 988/966/849 980/957/840 973/950/833
f 989/969/852 994/968/851 974/952/835
f 1005/989/871 989/969/852 975/953/836
f 975/953/836 990/982/864 1005/989/871
f 992/963/846 998/984/866 997/998/880
f 992/963/846 991/970/853 979/956/839
f 994/968/851 993/971/854 982/959/842
f 1007/972/855 1006/1218/863 983/960/843
f 995/973/856 1007/972/855 977/954/837
f 996/993/875 995/973/856 984/961/844
f 1008/994/876 996/993/875 984/961/844
f 991/970/853 1008/994/876 984/961/844
f 997/998/880 1010/974/857 992/963/846
f 994/968/851 1004/988/870 1003/1007/889
f 999/985/867 998/984/866 985/964/847
f 1013/977/860 1000/975/858 987/965/848
f 1001/978/861 1013/977/860 980/957/840
f 1002/1002/884 1001/978/861 988/966/849
f 1014/1003/885 1002/1002/884 988/966/849
f 993/971/854 1014/1003/885 988/966/849
f 1003/1007/889 1016/979/862 994/968/851
f 1031/1011/893 1053/1042/924 1052/1030/912
f 1005/989/871 1004/988/870 989/969/852
f 991/970/853 1009/995/877 1008/994/876
f 1010/974/857 1009/995/877 991/970/853
f 999/985/867 1012/986/868 1011/983/865
f 993/971/854 1015/1004/886 1014/1003/885
f 1016/979/862 1015/1004/886 993/971/854
f 1005/989/871 1018/990/872 1017/987/869
f 1008/994/876 1020/996/878 1019/992/874
f 997/998/880 1032/1023/905 1010/974/857
f 1011/983/865 1033/997/879 998/984/866
f 1022/1014/896 1021/999/881 1000/975/858
f 1013/977/860 1022/1014/896 1000/975/858
f 1014/1003/885 1024/1005/887 1023/1001/883
f 1003/1007/889 1040/1027/909 1016/979/862
f 1017/987/869 1041/1006/888 1004/988/870
f 1026/1020/902 1025/1008/890 1006/981/863
f 1007/1021/855 1026/1020/902 1006/981/863
f 1028/991/873 1027/1219/901 1007/972/855
f 1019/992/874 1029/1009/891 995/973/856
f 1031/1011/893 1030/1010/892 1009/995/877
f 1032/1023/905 1031/1011/893 1010/974/857
f 997/998/880 1033/997/879 1032/1023/905
f 1034/1012/894 1033/997/879 1011/983/865
f 1021/999/881 1034/1012/894 1012/986/868
f 1036/1000/882 1035/1013/895 1013/977/860
f 1023/1001/883 1037/1015/897 1001/978/861
f 1039/1017/899 1038/1016/898 1015/1004/886
f 1040/1027/909 1039/1017/899 1016/979/862
f 1003/1007/889 1041/1006/888 1040/1027/909
f 1042/1018/900 1041/1006/888 1017/987/869
f 1025/1008/890 1042/1018/900 1018/990/872
f 1028/991/873 1043/1038/920 1027/1219/901
f 1029/1009/891 1043/1038/920 1028/991/873
f 1030/1010/892 1044/1022/903 1020/996/878
f 1046/1024/906 1045/580/904 1033/997/879
f 1022/1014/896 1035/1013/895 1021/999/881
f 1036/1000/882 1047/1046/928 1035/1013/895
f 1037/1015/897 1047/1046/928 1036/1000/882
f 1038/1016/898 1048/1025/907 1024/1005/887
f 1050/1028/910 1049/1026/908 1041/1006/888
f 1026/1020/902 1027/1019/901 1025/1008/890
f 1043/1038/920 1062/1220/942 1027/1219/901
f 1039/1017/899 1059/1050/932 1058/1034/916
f 1045/580/904 1053/1042/924 1032/1023/905
f 1054/1031/913 1046/1024/906 1034/1012/894
f 1055/1032/914 1054/1031/913 1021/999/881
f 1056/1056/938 1055/1032/914 1035/1013/895
f 1047/1046/928 1056/1056/938 1035/1013/895
f 1065/1040/922 1030/1010/892 1066/1065/947
f 1049/1026/908 1059/1050/932 1040/1027/909
f 1060/1035/917 1050/1028/910 1042/1018/900
f 1061/1036/918 1060/1035/917 1025/1008/890
f 1062/1060/942 1061/1036/918 1027/1019/901
f 1063/1037/919 1062/1220/942 1043/1038/920
f 1064/1039/921 1063/1037/919 1029/1009/891
f 1072/1048/930 1038/1016/898 1073/1073/955
f 1052/1030/912 1066/1065/947 1030/1010/892
f 1068/1043/925 1067/1041/923 1045/580/904
f 1069/1044/926 1068/1043/925 1046/1024/906
f 1070/1045/927 1056/1056/938 1047/1046/928
f 1071/1047/929 1070/1045/927 1037/1015/897
f 1116/1096/978 1098/1078/960 1117/1097/979
f 1058/1034/916 1073/1073/955 1038/1016/898
f 1075/1051/933 1074/1049/931 1049/1026/908
f 1076/1052/934 1075/1051/933 1050/1028/910
f 1063/1037/919 1077/1062/944 1062/1220/942
f 1051/1029/911 1065/1040/922 1064/1039/921
f 1052/1030/912 1078/1053/935 1066/1065/947
f 1054/1031/913 1088/1054/936 1069/1044/926
f 1079/1055/937 1088/1054/936 1055/1032/914
f 1056/1056/938 1080/1070/952 1079/1055/937
f 1070/1045/927 1080/1070/952 1056/1056/938
f 1057/1033/915 1072/1048/930 1071/1047/929
f 1058/1034/916 1081/1057/939 1073/1073/955
f 1060/1035/917 1094/1058/940 1076/1052/934
f 1082/1059/941 1094/1058/940 1061/1036/918
f 1062/1060/942 1077/1221/944 1082/1059/941
f 1064/1039/921 1095/1061/943 1063/1037/919
f 1084/1064/946 1083/1063/945 1065/1040/922
f 1085/1066/948 1084/1064/946 1066/1065/947
f 1097/1086/968 1085/1066/948 1078/1053/935
f 1086/1067/949 1078/1053/935 1067/1041/923
f 1068/1043/925 1087/1068/950 1086/1067/949
f 1069/1044/926 1088/1054/936 1087/1068/950
f 1071/1047/929 1100/1069/951 1070/1045/927
f 1090/1072/954 1089/1071/953 1072/1048/930
f 1091/1074/956 1090/1072/954 1073/1073/955
f 1102/1092/974 1091/1074/956 1081/1057/939
f 1092/1075/957 1081/1057/939 1074/1049/931
f 1075/1051/933 1093/1076/958 1092/1075/957
f 1076/1052/934 1094/1058/940 1093/1076/958
f 1083/1063/945 1095/1061/943 1064/1039/921
f 1086/1067/949 1097/1086/968 1078/1053/935
f 1099/1079/961 1098/1078/960 1088/1054/936
f 1080/1070/952 1099/1079/961 1079/1055/937
f 1089/1071/953 1100/1069/951 1071/1047/929
f 1092/1075/957 1102/1092/974 1081/1057/939
f 1104/1082/964 1103/1081/963 1094/1058/940
f 1077/1221/944 1104/1082/964 1082/1059/941
f 1095/1061/943 1106/1084/966 1105/1083/965
f 1096/1077/959 1106/1084/966 1083/1063/945
f 1097/1086/968 1108/1087/969 1107/1085/967
f 1109/1088/970 1108/1087/969 1086/1067/949
f 1110/1089/971 1099/1079/961 1080/1070/952
f 1100/1069/951 1111/1090/972 1110/1089/971
f 1101/1080/962 1111/1090/972 1089/1071/953
f 1102/1092/974 1113/1093/975 1112/1091/973
f 1114/1094/976 1113/1093/975 1092/1075/957
f 1105/1110/965 1104/1082/964 1077/1221/944
f 1119/1099/981 1103/1081/963 1120/1100/982
f 1117/1097/979 1128/1111/991 1116/1096/978
f 1122/1102/984 1121/1101/983 1106/1084/966
f 1127/1103/985 1115/1095/977 1107/1085/967
f 1123/1104/986 1127/1103/985 1108/1087/969
f 1109/1088/970 1116/1096/978 1123/1104/986
f 1099/1079/961 1124/1105/987 1117/1097/979
f 1125/1106/988 1124/1105/987 1111/1090/972
f 1130/1107/989 1118/1098/980 1112/1091/973
f 1126/1108/990 1130/1107/989 1113/1093/975
f 1114/1094/976 1119/1099/981 1126/1108/990
f 1104/1082/964 1121/1109/983 1120/1100/982
f 1127/1103/985 1122/1102/984 1115/1095/977
f 1120/1100/982 1131/1113/993 1119/1099/981
f 1130/1107/989 1125/1106/988 1118/1098/980
f 1137/1120/999 1140/1122/1001 1139/1126/1005
f 1122/1102/984 1134/1117/996 1133/1115/995
f 1127/1103/985 1135/1118/997 1134/1117/996
f 1123/1104/986 1128/1111/991 1135/1118/997
f 1125/1106/988 1137/1120/999 1136/1119/998
f 1126/1108/990 1131/1113/993 1137/1120/999
f 1134/1117/996 1135/1118/997 1133/1115/995
f 1136/1119/998 1138/1121/1000 1129/1112/992
f 1137/1120/999 1139/1126/1005 1136/1119/998
f 1138/1121/1000 953/1123/1002 1135/1118/997
f 1133/1127/995 1140/1122/1001 1132/1114/994
f 953/1123/1002 1142/1222/1004 1133/1115/995
f 1139/1126/1005 1141/1124/1003 1136/1119/998
f 251/336/265 265/335/264 264/343/272
f 281/383/312 269/314/244 262/330/259
f 292/363/292 299/382/311 324/408/337
f 315/390/319 398/1227/1009 329/413/326
f 371/445/373 378/446/374 383/450/378
f 411/1173/392 412/1228/392 414/1229/1124
f 414/1229/1124 416/1230/1125 418/1231/392
f 418/1231/392 417/1232/392 415/1233/392
f 415/1233/392 413/1234/1124 410/1171/392
f 410/1171/392 408/1235/1126 407/1236/392
f 407/1236/392 405/1237/392 403/1238/392
f 403/1238/392 400/1239/392 399/1240/392
f 399/1240/392 401/1241/1127 402/1172/392
f 402/1172/392 404/1242/392 406/1243/392
f 406/1243/392 409/1244/1128 411/1173/392
f 411/1173/392 414/1229/1124 418/1231/392
f 418/1231/392 415/1233/392 410/1171/392
f 410/1171/392 407/1236/392 403/1238/392
f 403/1238/392 399/1240/392 402/1172/392
f 402/1172/392 406/1243/392 411/1173/392
f 411/1173/392 418/1231/392 410/1171/392
f 410/1171/392 403/1238/392 402/1172/392
f 706/657/578 719/679/598 716/681/600
f 717/662/583 718/663/584 723/683/593
f 952/935/819 961/944/827 960/942/825
f 972/958/841 987/965/848 986/976/859
f 976/1217/838 983/980/843 990/982/864
f 992/963/846 985/964/847 998/984/866
f 994/968/851 989/969/852 1004/988/870
f 1031/1011/893 1032/1023/905 1053/1042/924
f 1039/1017/899 1040/1027/909 1059/1050/932
f 1065/1040/922 1044/1022/903 1030/1010/892
f 1072/1048/930 1048/1025/907 1038/1016/898
f 1116/1096/978 1087/1068/950 1098/1078/960
f 1119/1099/981 1093/1076/958 1103/1081/963
f 1117/1097/979 1129/1112/992 1128/1111/991
f 1120/1100/982 1132/1114/994 1131/1113/993
f 1137/1120/999 1131/1113/993 1140/1122/1001
f 1138/1121/1000 1141/1124/1003 953/1123/1002
usemtl default
f 421/467/392 425/468/393 419/469/394
f 426/470/395 425/471/393 421/472/396
f 422/473/397 420/474/398 426/475/399
f 423/476/400 421/467/392 419/469/394
f 422/477/397 421/472/396 423/478/400
f 419/479/394 420/480/398 423/478/400
f 424/481/401 419/479/394 425/482/393
f 426/475/399 420/474/398 424/483/401
f 431/484/402 429/485/392 427/486/403
f 431/487/402 430/488/404 429/489/405
f 432/490/399 428/491/406 430/492/404
f 427/493/403 432/494/407 431/487/402
f 433/495/408 428/491/406 432/490/399
f 434/496/409 433/497/408 427/493/403
f 429/485/392 434/498/409 427/486/403
f 429/499/405 428/500/406 434/496/409
f 438/501/392 442/502/410 435/503/411
f 437/504/412 442/471/410 438/505/413
f 439/506/414 436/507/415 437/508/399
f 440/509/416 438/501/392 435/503/411
f 440/510/416 439/511/414 438/505/413
f 436/512/415 440/510/416 435/513/411
f 442/514/410 441/515/417 435/513/411
f 437/508/399 436/507/415 441/516/417
f 446/517/418 445/518/392 443/519/419
f 454/520/420 445/521/421 446/522/418
f 444/523/422 446/522/418 443/524/419
f 447/525/423 443/524/419 448/526/424
f 449/527/399 444/528/422 447/529/423
f 450/530/392 448/531/424 443/519/419
f 451/532/399 444/528/422 449/527/399
f 452/533/392 450/530/392 443/519/419
f 451/534/425 450/535/426 452/536/427
f 453/537/399 444/528/422 451/532/399
f 445/518/392 452/533/392 443/519/419
f 454/538/420 444/528/422 453/537/399
f 455/539/428 456/540/429 457/541/430
f 460/542/399 456/543/429 459/544/431
f 461/545/392 458/546/432 455/547/428
f 461/548/433 460/549/434 458/550/432
f 462/551/399 456/543/429 460/542/399
f 463/552/392 461/545/392 455/547/428
f 463/553/435 462/554/436 461/548/433
f 464/555/437 456/543/429 462/551/399
f 457/556/430 463/552/392 455/547/428
f 457/557/430 464/558/437 463/553/435
s 0
f 468/559/438 466/560/438 465/560/438
s 1
f 469/559/439 467/561/440 466/560/441
s 0
f 470/562/438 469/559/438 468/559/438
s 1
f 467/561/440 469/559/439 471/562/442
s 0
f 472/563/438 471/562/438 470/562/438
f 475/564/438 473/563/438 472/563/438
s 1
f 474/565/443 473/563/444 476/564/445
s 0
f 477/566/438 476/564/438 475/564/438
s 1
f 474/565/443 476/564/445 478/566/446
s 0
f 480/567/438 478/566/438 477/566/438
s 1
f 481/567/447 474/565/443 478/566/446
s 0
f 482/568/438 481/567/438 480/567/438
s 1
f 483/568/448 474/565/443 481/567/447
s 0
f 484/569/438 483/568/438 482/568/438
s 1
f 474/565/443 483/568/448 485/569/449
s 0
f 486/570/438 485/569/438 484/569/438
s 1
f 474/565/443 485/569/449 487/570/450
s 0
f 488/571/438 487/570/438 486/570/438
s 1
f 474/565/443 487/570/450 489/571/451
s 0
f 490/572/438 489/571/438 488/571/438
f 493/573/438 491/572/438 490/572/438
s 1
f 494/573/452 492/574/453 491/572/454
s 0
f 495/575/438 494/573/438 493/573/438
s 1
f 496/575/455 492/574/453 494/573/452
s 0
f 497/576/438 496/575/438 495/575/438
s 1
f 498/576/456 492/574/453 496/575/455
f 503/577/457 479/578/458 519/579/459
s 0
f 499/580/438 498/576/438 497/576/438
s 1
f 500/580/460 492/574/453 498/576/456
s 0
f 501/581/438 500/580/438 499/580/438
s 1
f 502/581/461 492/574/453 500/580/460
s 0
f 504/582/438 502/581/438 501/581/438
s 1
f 505/582/462 492/574/453 502/581/461
s 0
f 506/583/438 505/582/438 504/582/438
s 1
f 507/583/463 492/574/453 505/582/462
s 0
f 508/584/438 507/583/438 506/583/438
s 1
f 509/584/464 492/574/453 507/583/463
s 0
f 510/585/438 509/584/438 508/584/438
f 513/586/438 511/585/438 510/585/438
s 1
f 514/586/465 512/587/466 511/585/467
s 0
f 515/588/438 514/586/438 513/586/438
s 1
f 512/587/466 514/586/465 516/588/468
s 0
f 517/589/438 516/588/438 515/588/438
s 1
f 512/587/466 516/588/468 518/589/469
s 0
f 520/590/438 518/589/438 517/589/438
s 1
f 512/587/466 518/589/469 521/590/470
s 0
f 522/591/438 521/590/438 520/590/438
s 1
f 523/591/471 512/587/466 521/590/470
s 0
f 524/592/438 523/591/438 522/591/438
s 1
f 525/592/472 512/587/466 523/591/471
s 0
f 527/593/438 525/592/438 524/592/438
f 529/594/438 528/593/438 527/593/438
s 1
f 530/594/473 526/595/474 528/593/475
s 0
f 531/596/438 530/594/438 529/594/438
s 1
f 526/595/474 530/594/473 532/596/476
s 0
f 533/597/438 532/596/438 531/596/438
s 1
f 534/597/477 526/595/474 532/596/476
s 0
f 535/598/438 534/597/438 533/597/438
s 1
f 536/598/478 526/595/474 534/597/477
s 0
f 537/599/438 536/598/438 535/598/438
s 1
f 538/599/479 526/595/474 536/598/478
s 0
f 539/600/438 538/599/438 537/599/438
s 1
f 540/600/480 526/595/474 538/599/479
s 0
f 541/601/438 540/600/438 539/600/438
s 1
f 542/601/481 526/595/474 540/600/480
s 0
f 543/602/438 542/601/438 541/601/438
s 1
f 526/595/474 542/601/481 544/602/482
s 0
f 545/603/438 544/602/438 543/602/438
f 548/604/438 546/603/438 545/603/438
s 1
f 547/605/483 546/603/484 549/604/485
s 0
f 551/606/438 549/604/438 548/604/438
s 1
f 547/605/483 549/604/485 552/606/486
s 0
f 553/607/438 552/606/438 551/606/438
s 1
f 554/607/487 547/605/483 552/606/486
s 0
f 555/608/438 554/607/438 553/607/438
s 1
f 547/605/483 554/607/487 556/608/488
s 0
f 557/609/438 556/608/438 555/608/438
s 1
f 547/605/483 556/608/488 558/609/489
s 0
f 559/610/438 558/609/438 557/609/438
s 1
f 560/610/490 547/605/483 558/609/489
s 0
f 561/611/438 560/610/438 559/610/438
s 1
f 547/605/483 560/610/490 562/611/491
s 0
f 563/612/438 562/611/438 561/611/438
s 1
f 547/605/483 562/611/491 564/612/492
s 0
f 565/613/438 564/612/438 563/612/438
s 1
f 566/613/493 547/605/483 564/612/492
s 0
f 567/614/438 566/613/438 565/613/438
s 1
f 568/614/494 547/605/483 566/613/493
s 0
f 570/615/438 568/614/438 567/614/438
f 572/616/438 571/615/438 570/615/438
s 1
f 573/616/495 467/617/440 571/615/496
s 0
f 574/618/438 573/616/438 572/616/438
s 1
f 467/617/440 573/616/495 575/618/497
f 569/619/498 550/620/499 519/621/459
s 0
f 465/622/438 575/618/438 574/618/438
s 1
f 466/622/441 467/617/440 575/618/497
f 474/623/443 526/624/474 547/605/483
s 0
f 581/559/438 579/560/438 578/560/438
s 1
f 582/559/500 580/625/501 579/560/502
s 0
f 583/562/438 582/559/438 581/559/438
f 586/563/438 584/562/438 583/562/438
s 1
f 587/563/503 585/626/504 584/562/505
s 0
f 588/564/438 587/563/438 586/563/438
s 1
f 585/626/504 587/563/503 589/564/506
s 0
f 591/566/438 589/564/438 588/564/438
s 1
f 585/626/504 589/564/506 592/566/507
s 0
f 593/567/438 592/566/438 591/566/438
s 1
f 585/626/504 592/566/507 594/567/508
s 0
f 595/568/438 594/567/438 593/567/438
s 1
f 585/626/504 594/567/508 596/568/509
f 577/627/510 576/628/511 597/629/512
s 0
f 598/569/438 596/568/438 595/568/438
s 1
f 599/569/513 585/626/504 596/568/509
s 0
f 600/570/438 599/569/438 598/569/438
s 1
f 601/570/514 585/626/504 599/569/513
s 0
f 602/571/438 601/570/438 600/570/438
s 1
f 585/626/504 601/570/514 603/571/515
s 0
f 604/572/438 603/571/438 602/571/438
s 1
f 585/626/504 603/571/515 605/572/516
s 0
f 606/573/438 605/572/438 604/572/438
s 1
f 585/626/504 605/572/516 607/573/517
s 0
f 608/575/438 607/573/438 606/573/438
s 1
f 609/575/518 585/626/504 607/573/517
s 0
f 610/576/438 609/575/438 608/575/438
s 1
f 585/626/504 609/575/518 611/576/519
s 0
f 612/580/438 611/576/438 610/576/438
f 615/581/438 613/580/438 612/580/438
s 1
f 616/581/520 614/630/521 613/580/522
s 0
f 617/582/438 616/581/438 615/581/438
s 1
f 614/630/521 616/581/520 618/582/523
s 0
f 619/583/438 618/582/438 617/582/438
s 1
f 620/583/524 614/630/521 618/582/523
s 0
f 621/584/438 620/583/438 619/583/438
s 1
f 614/630/521 620/583/524 622/584/525
s 0
f 623/585/438 622/584/438 621/584/438
s 1
f 624/585/526 614/630/521 622/584/525
s 0
f 625/586/438 624/585/438 623/585/438
s 1
f 626/586/527 614/630/521 624/585/526
s 0
f 627/588/438 626/586/438 625/586/438
s 1
f 614/630/521 626/586/527 628/588/528
s 0
f 629/589/438 628/588/438 627/588/438
s 1
f 630/589/529 614/630/521 628/588/528
s 0
f 631/590/438 630/589/438 629/589/438
s 1
f 632/590/530 614/630/521 630/589/529
s 0
f 633/591/438 632/590/438 631/590/438
s 1
f 634/591/531 614/630/521 632/590/530
s 0
f 635/592/438 634/591/438 633/591/438
s 1
f 636/592/532 614/630/521 634/591/531
s 0
f 637/593/438 636/592/438 635/592/438
f 640/594/438 638/593/438 637/593/438
s 1
f 639/631/533 638/593/534 641/594/535
s 0
f 643/596/438 641/594/438 640/594/438
s 1
f 644/596/536 639/631/533 641/594/535
s 0
f 645/597/438 644/596/438 643/596/438
s 1
f 639/631/533 644/596/536 646/597/537
s 0
f 647/598/438 646/597/438 645/597/438
s 1
f 639/631/533 646/597/537 648/598/538
s 0
f 649/599/438 648/598/438 647/598/438
s 1
f 650/599/539 639/631/533 648/598/538
s 0
f 651/600/438 650/599/438 649/599/438
s 1
f 652/600/540 639/631/533 650/599/539
s 0
f 653/601/438 652/600/438 651/600/438
s 1
f 639/631/533 652/600/540 654/601/541
s 0
f 655/602/438 654/601/438 653/601/438
s 1
f 656/602/542 639/631/533 654/601/541
s 0
f 658/603/438 656/602/438 655/602/438
f 660/604/438 659/603/438 658/603/438
s 1
f 661/604/543 657/632/544 659/603/545
s 0
f 662/606/438 661/604/438 660/604/438
s 1
f 663/606/546 657/632/544 661/604/543
s 0
f 664/607/438 663/606/438 662/606/438
s 1
f 657/632/544 663/606/546 665/607/547
s 0
f 667/608/438 665/607/438 664/607/438
s 1
f 668/608/548 657/632/544 665/607/547
s 0
f 669/609/438 668/608/438 667/608/438
s 1
f 670/609/549 657/632/544 668/608/548
s 0
f 671/610/438 670/609/438 669/609/438
f 673/611/438 672/610/438 671/610/438
s 1
f 580/633/501 672/610/550 674/611/551
f 666/634/552 642/635/553 576/636/511
s 0
f 675/612/438 674/611/438 673/611/438
s 1
f 580/633/501 674/611/551 676/612/554
s 0
f 677/613/438 676/612/438 675/612/438
s 1
f 580/633/501 676/612/554 678/613/555
f 580/633/501 639/637/533 657/632/544
s 0
f 679/614/438 678/613/438 677/613/438
s 1
f 580/633/501 678/613/555 680/614/556
s 0
f 681/615/438 680/614/438 679/614/438
s 1
f 682/615/557 580/633/501 680/614/556
s 0
f 683/616/438 682/615/438 681/615/438
s 1
f 684/616/558 580/633/501 682/615/557
s 0
f 685/618/438 684/616/438 683/616/438
s 1
f 580/633/501 684/616/558 686/618/559
s 0
f 578/622/438 686/618/438 685/618/438
s 1
f 580/633/501 686/618/559 579/622/502
f 449/1170/1011 450/535/426 451/534/425
f 422/477/397 426/470/395 421/472/396
f 420/480/398 422/477/397 423/478/400
f 424/481/401 420/480/398 419/479/394
f 425/482/393 426/1174/395 424/481/401
f 429/489/405 430/488/404 428/1175/406
f 432/494/407 430/488/404 431/487/402
f 427/493/403 433/497/408 432/494/407
f 434/496/409 428/500/406 433/497/408
f 439/511/414 437/504/412 438/505/413
f 436/512/415 439/511/414 440/510/416
f 435/513/411 441/515/417 436/512/415
f 442/514/410 437/1176/412 441/515/417
f 444/523/422 454/520/420 446/522/418
f 443/524/419 447/525/423 444/523/422
f 449/1170/1011 447/525/423 448/526/424
f 445/1177/421 453/1178/1012 452/536/427
f 453/1178/1012 451/534/425 452/536/427
f 455/539/428 459/1179/431 456/540/429
f 457/541/430 456/540/429 464/1180/437
f 467/561/440 473/563/444 474/565/443
f 458/550/432 460/549/434 459/1179/431
f 461/548/433 462/554/436 460/549/434
f 463/553/435 464/558/437 462/554/436
f 569/1181/498 468/559/1013 465/560/1014
s 0
f 468/559/438 469/559/438 466/560/438
s 1
f 569/1181/498 470/562/1015 468/559/1013
s 0
f 470/562/438 471/562/438 469/559/438
s 1
f 569/1181/498 472/563/1016 470/562/1015
s 0
f 472/563/438 473/563/438 471/562/438
s 1
f 569/1181/498 477/566/1017 475/564/1018
f 475/564/1018 472/563/1016 569/1181/498
s 0
f 475/564/438 476/564/438 473/563/438
s 1
f 474/565/443 491/572/454 492/574/453
s 0
f 477/566/438 478/566/438 476/564/438
s 1
f 479/578/458 480/567/1019 477/566/1017
s 0
f 480/567/438 481/567/438 478/566/438
s 1
f 479/578/458 482/568/1020 480/567/1019
s 0
f 482/568/438 483/568/438 481/567/438
s 1
f 484/569/1021 482/568/1020 479/578/458
s 0
f 484/569/438 485/569/438 483/568/438
s 1
f 479/578/458 569/1181/498 519/1182/459
f 479/578/458 486/570/1022 484/569/1021
s 0
f 486/570/438 487/570/438 485/569/438
s 1
f 488/571/1023 486/570/1022 479/578/458
s 0
f 488/571/438 489/571/438 487/570/438
s 1
f 490/572/1024 488/571/1023 479/578/458
s 0
f 490/572/438 491/572/438 489/571/438
s 1
f 503/577/457 501/581/1025 479/578/458
f 493/573/1026 490/572/1024 479/578/458
s 0
f 493/573/438 494/573/438 491/572/438
s 1
f 479/578/458 495/575/1027 493/573/1026
s 0
f 495/575/438 496/575/438 494/573/438
s 1
f 479/578/458 497/576/1028 495/575/1027
s 0
f 497/576/438 498/576/438 496/575/438
s 1
f 499/580/1029 497/576/1028 479/578/458
s 0
f 499/580/438 500/580/438 498/576/438
s 1
f 492/574/453 526/595/474 474/565/443
f 501/581/1025 499/580/1029 479/578/458
s 0
f 501/581/438 502/581/438 500/580/438
s 1
f 509/584/464 512/587/466 492/574/453
s 0
f 504/582/438 505/582/438 502/581/438
s 1
f 503/577/457 506/583/1030 504/582/1031
s 0
f 506/583/438 507/583/438 505/582/438
s 1
f 503/577/457 508/584/1032 506/583/1030
s 0
f 508/584/438 509/584/438 507/583/438
s 1
f 510/585/1033 508/584/1032 503/577/457
s 0
f 510/585/438 511/585/438 509/584/438
s 1
f 525/592/472 526/595/474 512/587/466
f 503/577/457 513/586/1034 510/585/1033
s 0
f 513/586/438 514/586/438 511/585/438
s 1
f 512/587/466 526/595/474 492/574/453
f 503/577/457 515/588/1035 513/586/1034
s 0
f 515/588/438 516/588/438 514/586/438
s 1
f 517/589/1036 515/588/1035 503/577/457
s 0
f 517/589/438 518/589/438 516/588/438
s 1
f 503/577/457 520/590/1037 517/589/1036
s 0
f 520/590/438 521/590/438 518/589/438
s 1
f 503/577/457 522/591/1038 520/590/1037
s 0
f 522/591/438 523/591/438 521/590/438
s 1
f 503/577/457 524/592/1039 522/591/1038
s 0
f 524/592/438 525/592/438 523/591/438
s 1
f 527/593/1040 524/592/1039 503/577/457
s 0
f 527/593/438 528/593/438 525/592/438
s 1
f 529/594/1041 519/1183/459 531/596/1042
f 503/577/457 529/594/1041 527/593/1040
s 0
f 529/594/438 530/594/438 528/593/438
s 1
f 546/603/484 526/595/474 544/602/482
s 0
f 531/596/438 532/596/438 530/594/438
s 1
f 533/597/1043 531/596/1042 519/1183/459
s 0
f 533/597/438 534/597/438 532/596/438
s 1
f 535/598/1044 533/597/1043 519/1183/459
s 0
f 535/598/438 536/598/438 534/597/438
s 1
f 519/1183/459 537/599/1045 535/598/1044
s 0
f 537/599/438 538/599/438 536/598/438
s 1
f 539/600/1046 537/599/1045 519/1183/459
s 0
f 539/600/438 540/600/438 538/599/438
s 1
f 541/601/1047 539/600/1046 519/1183/459
s 0
f 541/601/438 542/601/438 540/600/438
s 1
f 543/602/1048 541/601/1047 519/1183/459
s 0
f 543/602/438 544/602/438 542/601/438
s 1
f 545/603/1049 543/602/1048 519/1183/459
s 0
f 545/603/438 546/603/438 544/602/438
s 1
f 550/620/499 553/607/1050 519/1183/459
f 548/604/1051 545/603/1049 519/1183/459
s 0
f 548/604/438 549/604/438 546/603/438
s 1
f 551/606/1052 548/604/1051 519/1183/459
s 0
f 551/606/438 552/606/438 549/604/438
s 1
f 519/1183/459 553/607/1050 551/606/1052
s 0
f 553/607/438 554/607/438 552/606/438
s 1
f 550/620/499 570/615/1053 567/614/1054
s 0
f 555/608/438 556/608/438 554/607/438
s 1
f 557/609/1055 555/608/1056 550/620/499
s 0
f 557/609/438 558/609/438 556/608/438
s 1
f 559/610/1057 557/609/1055 550/620/499
s 0
f 559/610/438 560/610/438 558/609/438
s 1
f 561/611/1058 559/610/1057 550/620/499
s 0
f 561/611/438 562/611/438 560/610/438
s 1
f 550/620/499 563/612/1059 561/611/1058
s 0
f 563/612/438 564/612/438 562/611/438
s 1
f 565/613/1060 563/612/1059 550/620/499
s 0
f 565/613/438 566/613/438 564/612/438
s 1
f 550/620/499 567/614/1054 565/613/1060
s 0
f 567/614/438 568/614/438 566/613/438
s 1
f 568/614/494 467/617/440 547/605/483
s 0
f 570/615/438 571/615/438 568/614/438
s 1
f 580/625/501 584/562/505 585/626/504
f 569/619/498 572/616/1061 570/615/1053
s 0
f 572/616/438 573/616/438 571/615/438
s 1
f 574/618/1062 572/616/1061 569/619/498
s 0
f 574/618/438 575/618/438 573/616/438
s 1
f 467/617/440 474/1184/443 547/605/483
f 465/622/1014 574/618/1062 569/619/498
s 0
f 465/622/438 466/622/438 575/618/438
s 1
f 581/559/1063 578/560/1064 577/627/510
s 0
f 581/559/438 582/559/438 579/560/438
s 1
f 577/627/510 583/562/1065 581/559/1063
s 0
f 583/562/438 584/562/438 582/559/438
s 1
f 577/627/510 593/567/1066 591/566/1067
f 586/563/1068 583/562/1065 577/627/510
s 0
f 586/563/438 587/563/438 584/562/438
s 1
f 577/627/510 588/564/1069 586/563/1068
s 0
f 588/564/438 589/564/438 587/563/438
s 1
f 591/566/1067 588/564/1069 577/627/510
s 0
f 591/566/438 592/566/438 589/564/438
s 1
f 610/576/1070 597/629/512 612/580/1071
s 0
f 593/567/438 594/567/438 592/566/438
s 1
f 595/568/1072 593/567/1066 590/1185/1073
s 0
f 595/568/438 596/568/438 594/567/438
s 1
f 585/626/504 639/1186/533 580/625/501
f 590/1185/1073 598/569/1074 595/568/1072
s 0
f 598/569/438 599/569/438 596/568/438
s 1
f 600/570/1075 598/569/1074 590/1185/1073
s 0
f 600/570/438 601/570/438 599/569/438
s 1
f 602/571/1076 600/570/1075 590/1185/1073
s 0
f 602/571/438 603/571/438 601/570/438
s 1
f 590/1185/1073 577/627/510 597/629/512
f 604/572/1077 602/571/1076 590/1185/1073
s 0
f 604/572/438 605/572/438 603/571/438
s 1
f 590/1185/1073 606/573/1078 604/572/1077
s 0
f 606/573/438 607/573/438 605/572/438
s 1
f 614/630/521 639/1186/533 585/626/504
f 590/1185/1073 608/575/1079 606/573/1078
s 0
f 608/575/438 609/575/438 607/573/438
s 1
f 610/576/1070 608/575/1079 590/1185/1073
s 0
f 610/576/438 611/576/438 609/575/438
s 1
f 611/576/519 614/630/521 585/626/504
s 0
f 612/580/438 613/580/438 611/576/438
s 1
f 597/629/512 627/588/1080 625/586/1081
f 597/629/512 615/581/1082 612/580/1071
s 0
f 615/581/438 616/581/438 613/580/438
s 1
f 597/629/512 617/582/1083 615/581/1082
s 0
f 617/582/438 618/582/438 616/581/438
s 1
f 619/583/1084 617/582/1083 597/629/512
s 0
f 619/583/438 620/583/438 618/582/438
s 1
f 597/629/512 621/584/1085 619/583/1084
s 0
f 621/584/438 622/584/438 620/583/438
s 1
f 597/629/512 623/585/1086 621/584/1085
s 0
f 623/585/438 624/585/438 622/584/438
s 1
f 625/586/1081 623/585/1086 597/629/512
s 0
f 625/586/438 626/586/438 624/585/438
s 1
f 636/592/532 639/631/533 614/630/521
s 0
f 627/588/438 628/588/438 626/586/438
s 1
f 629/589/1087 627/588/1080 576/1187/511
s 0
f 629/589/438 630/589/438 628/588/438
s 1
f 576/1187/511 631/590/1088 629/589/1087
s 0
f 631/590/438 632/590/438 630/589/438
s 1
f 576/1187/511 633/591/1089 631/590/1088
s 0
f 633/591/438 634/591/438 632/590/438
s 1
f 635/592/1090 633/591/1089 576/1187/511
s 0
f 635/592/438 636/592/438 634/591/438
s 1
f 576/1187/511 637/593/1091 635/592/1090
s 0
f 637/593/438 638/593/438 636/592/438
s 1
f 576/1187/511 645/597/1092 643/596/1093
f 640/594/1094 637/593/1091 576/1187/511
s 0
f 640/594/438 641/594/438 638/593/438
s 1
f 576/1187/511 643/596/1093 640/594/1094
s 0
f 643/596/438 644/596/438 641/594/438
s 1
f 656/602/542 657/632/544 639/631/533
s 0
f 645/597/438 646/597/438 644/596/438
s 1
f 647/598/1095 645/597/1092 642/635/553
s 0
f 647/598/438 648/598/438 646/597/438
s 1
f 649/599/1096 647/598/1095 642/635/553
s 0
f 649/599/438 650/599/438 648/598/438
s 1
f 642/635/553 651/600/1097 649/599/1096
s 0
f 651/600/438 652/600/438 650/599/438
s 1
f 642/635/553 653/601/1098 651/600/1097
s 0
f 653/601/438 654/601/438 652/600/438
s 1
f 642/635/553 655/602/1099 653/601/1098
s 0
f 655/602/438 656/602/438 654/601/438
s 1
f 642/635/553 658/603/1100 655/602/1099
s 0
f 658/603/438 659/603/438 656/602/438
s 1
f 664/607/1101 666/634/552 667/608/1102
f 642/635/553 660/604/1103 658/603/1100
s 0
f 660/604/438 661/604/438 659/603/438
s 1
f 642/635/553 662/606/1104 660/604/1103
s 0
f 662/606/438 663/606/438 661/604/438
s 1
f 642/635/553 664/607/1101 662/606/1104
s 0
f 664/607/438 665/607/438 663/606/438
s 1
f 672/610/550 657/632/544 670/609/549
s 0
f 667/608/438 668/608/438 665/607/438
s 1
f 669/609/1105 667/608/1102 666/634/552
s 0
f 669/609/438 670/609/438 668/608/438
s 1
f 666/634/552 671/610/1106 669/609/1105
s 0
f 671/610/438 672/610/438 670/609/438
s 1
f 666/634/552 683/616/1107 681/615/1108
f 673/611/1109 671/610/1106 666/634/552
s 0
f 673/611/438 674/611/438 672/610/438
s 1
f 675/612/1110 673/611/1109 666/634/552
s 0
f 675/612/438 676/612/438 674/611/438
s 1
f 666/634/552 677/613/1111 675/612/1110
s 0
f 677/613/438 678/613/438 676/612/438
s 1
f 666/634/552 679/614/1112 677/613/1111
s 0
f 679/614/438 680/614/438 678/613/438
s 1
f 681/615/1108 679/614/1112 666/634/552
s 0
f 681/615/438 682/615/438 680/614/438
f 683/616/438 684/616/438 682/615/438
s 1
f 685/618/1113 683/616/1107 577/1188/510
s 0
f 685/618/438 686/618/438 684/616/438
s 1
f 577/1188/510 666/634/552 576/1189/511
f 577/1188/510 578/622/1064 685/618/1113
s 0
f 578/622/438 579/622/438 686/618/438
s 1
f 449/1170/1011 448/526/424 450/535/426
f 445/1177/421 454/1245/420 453/1178/1012
f 455/539/428 458/550/432 459/1179/431
f 467/561/440 471/562/442 473/563/444
f 569/1181/498 479/578/458 477/566/1017
f 474/565/443 489/571/451 491/572/454
f 503/577/457 504/582/1031 501/581/1025
f 509/584/464 511/585/467 512/587/466
f 525/592/472 528/593/475 526/595/474
f 529/594/1041 503/577/457 519/1183/459
f 546/603/484 547/605/483 526/595/474
f 550/620/499 555/608/1056 553/607/1050
f 550/620/499 569/619/498 570/615/1053
f 568/614/494 571/615/496 467/617/440
f 580/625/501 582/559/500 584/562/505
f 577/627/510 590/1185/1073 593/567/1066
f 610/576/1070 590/1185/1073 597/629/512
f 611/576/519 613/580/522 614/630/521
f 597/629/512 576/1187/511 627/588/1080
f 636/592/532 638/593/534 639/631/533
f 576/1187/511 642/635/553 645/597/1092
f 656/602/542 659/603/545 657/632/544
f 664/607/1101 642/635/553 666/634/552
f 672/610/550 580/633/501 657/632/544
f 666/634/552 577/1188/510 683/616/1107
